zip,street,units,type,url_addr,file_no
92603,Silver Cres,51,Single Family,https://www.trulia.com/p/ca/irvine/36-silver-cres-irvine-ca-92603--2080997290,1 of 4
92603,Silver Cres,51,Single Family,https://www.trulia.com/p/ca/irvine/37-silver-cres-irvine-ca-92603--2080997343,1 of 4
92603,Silver Cres,51,Single Family,https://www.trulia.com/p/ca/irvine/38-silver-cres-irvine-ca-92603--2080997387,1 of 4
92603,Silver Cres,51,Single Family,https://www.trulia.com/p/ca/irvine/39-silver-cres-irvine-ca-92603--2080997435,1 of 4
92603,Silver Cres,51,Single Family,https://www.trulia.com/p/ca/irvine/40-silver-cres-irvine-ca-92603--2080997590,1 of 4
92603,Silver Cres,51,Single Family,https://www.trulia.com/p/ca/irvine/41-silver-cres-irvine-ca-92603--2080997648,1 of 4
92603,Silver Cres,51,Single Family,https://www.trulia.com/p/ca/irvine/42-silver-cres-irvine-ca-92603--2080997679,1 of 4
92603,Silver Cres,51,Single Family,https://www.trulia.com/p/ca/irvine/43-silver-cres-irvine-ca-92603--2080997718,1 of 4
92603,Silver Cres,51,Single Family,https://www.trulia.com/p/ca/irvine/44-silver-cres-irvine-ca-92603--2080997749,1 of 4
92603,Silver Cres,51,Single Family,https://www.trulia.com/p/ca/irvine/45-silver-cres-irvine-ca-92603--2080997785,1 of 4
92603,Silver Cres,51,Single Family,https://www.trulia.com/p/ca/irvine/46-silver-cres-irvine-ca-92603--2080997817,1 of 4
92603,Silver Cres,51,Single Family,https://www.trulia.com/p/ca/irvine/47-silver-cres-irvine-ca-92603--2080997851,1 of 4
92603,Silver Cres,51,Single Family,https://www.trulia.com/p/ca/irvine/48-silver-cres-irvine-ca-92603--2080997891,1 of 4
92603,Silver Cres,51,Single Family,https://www.trulia.com/p/ca/irvine/50-silver-cres-irvine-ca-92603--2080998161,1 of 4
92603,Silver Cres,51,Single Family,https://www.trulia.com/p/ca/irvine/52-silver-cres-irvine-ca-92603--2080998270,1 of 4
92603,Silver Cres,51,Single Family,https://www.trulia.com/p/ca/irvine/54-silver-cres-irvine-ca-92603--2080998412,1 of 4
92603,Silver Cres,51,Single Family,https://www.trulia.com/p/ca/irvine/56-silver-cres-irvine-ca-92603--2080998537,1 of 4
92603,Paseo De Vega,47,Single Family,https://www.trulia.com/p/ca/irvine/4846-paseo-de-vega-irvine-ca-92603--2080997859,1 of 4
92603,Paseo De Vega,47,Single Family,https://www.trulia.com/p/ca/irvine/4852-paseo-de-vega-irvine-ca-92603--2080997860,1 of 4
92603,Paseo De Vega,47,Single Family,https://www.trulia.com/p/ca/irvine/4856-paseo-de-vega-irvine-ca-92603--1030058224,1 of 4
92603,Paseo De Vega,47,Single Family,https://www.trulia.com/p/ca/irvine/4862-paseo-de-vega-irvine-ca-92603--2080997861,1 of 4
92603,Paseo De Vega,47,Single Family,https://www.trulia.com/p/ca/irvine/4865-paseo-de-vega-irvine-ca-92603--2080997862,1 of 4
92603,Paseo De Vega,47,Single Family,https://www.trulia.com/p/ca/irvine/4866-paseo-de-vega-irvine-ca-92603--2080997863,1 of 4
92603,Paseo De Vega,47,Single Family,https://www.trulia.com/p/ca/irvine/4871-paseo-de-vega-irvine-ca-92603--2080997864,1 of 4
92603,Paseo De Vega,47,Single Family,https://www.trulia.com/p/ca/irvine/4872-paseo-de-vega-irvine-ca-92603--2080997865,1 of 4
92603,Paseo De Vega,47,Single Family,https://www.trulia.com/p/ca/irvine/4875-paseo-de-vega-irvine-ca-92603--2080997866,1 of 4
92603,Paseo De Vega,47,Single Family,https://www.trulia.com/p/ca/irvine/4876-paseo-de-vega-irvine-ca-92603--2080997867,1 of 4
92603,Paseo De Vega,47,Single Family,https://www.trulia.com/p/ca/irvine/4881-paseo-de-vega-irvine-ca-92603--2080997869,1 of 4
92603,Paseo De Vega,47,Single Family,https://www.trulia.com/p/ca/irvine/4882-paseo-de-vega-irvine-ca-92603--2080997870,1 of 4
92603,Paseo De Vega,47,Single Family,https://www.trulia.com/p/ca/irvine/4885-paseo-de-vega-irvine-ca-92603--2080997871,1 of 4
92603,Paseo De Vega,47,Single Family,https://www.trulia.com/p/ca/irvine/4886-paseo-de-vega-irvine-ca-92603--2080997872,1 of 4
92603,Paseo De Vega,47,Single Family,https://www.trulia.com/p/ca/irvine/4892-paseo-de-vega-irvine-ca-92603--2080997873,1 of 4
92603,Paseo De Vega,47,Single Family,https://www.trulia.com/p/ca/irvine/4925-paseo-de-vega-irvine-ca-92603--2080997899,1 of 4
92603,Paseo De Vega,47,Single Family,https://www.trulia.com/p/ca/irvine/4931-paseo-de-vega-irvine-ca-92603--2080997900,1 of 4
92603,Paseo De Vega,47,Single Family,https://www.trulia.com/p/ca/irvine/4932-paseo-de-vega-irvine-ca-92603--1058405988,1 of 4
92603,Paseo De Vega,47,Single Family,https://www.trulia.com/p/ca/irvine/4935-paseo-de-vega-irvine-ca-92603--2080997902,1 of 4
92603,Paseo De Vega,47,Single Family,https://www.trulia.com/p/ca/irvine/4936-paseo-de-vega-irvine-ca-92603--1001995419,1 of 4
92603,Paseo De Vega,47,Single Family,https://www.trulia.com/p/ca/irvine/4941-paseo-de-vega-irvine-ca-92603--2080997903,1 of 4
92603,Paseo De Vega,47,Single Family,https://www.trulia.com/p/ca/irvine/4942-paseo-de-vega-irvine-ca-92603--2080997905,1 of 4
92603,Paseo De Vega,47,Single Family,https://www.trulia.com/p/ca/irvine/4945-paseo-de-vega-irvine-ca-92603--2080997906,1 of 4
92603,Paseo De Vega,47,Single Family,https://www.trulia.com/p/ca/irvine/4946-paseo-de-vega-irvine-ca-92603--2080997908,1 of 4
92603,Paseo De Vega,47,Single Family,https://www.trulia.com/p/ca/irvine/4951-paseo-de-vega-irvine-ca-92603--1010448337,1 of 4
92603,Paseo De Vega,47,Single Family,https://www.trulia.com/p/ca/irvine/4952-paseo-de-vega-irvine-ca-92603--2080997910,1 of 4
92603,Paseo De Vega,47,Single Family,https://www.trulia.com/p/ca/irvine/4955-paseo-de-vega-irvine-ca-92603--2080997911,1 of 4
92603,Paseo De Vega,47,Single Family,https://www.trulia.com/p/ca/irvine/4961-paseo-de-vega-irvine-ca-92603--1058416348,1 of 4
92603,Paseo De Vega,47,Single Family,https://www.trulia.com/p/ca/irvine/4962-paseo-de-vega-irvine-ca-92603--2080997916,1 of 4
92603,Paseo De Vega,47,Single Family,https://www.trulia.com/p/ca/irvine/4971-paseo-de-vega-irvine-ca-92603--2080997920,1 of 4
92603,Paseo De Vega,47,Single Family,https://www.trulia.com/p/ca/irvine/4972-paseo-de-vega-irvine-ca-92603--2080997923,1 of 4
92603,Paseo De Vega,47,Single Family,https://www.trulia.com/p/ca/irvine/4981-paseo-de-vega-irvine-ca-92603--2080997926,1 of 4
92603,Paseo De Vega,47,Single Family,https://www.trulia.com/p/ca/irvine/4982-paseo-de-vega-irvine-ca-92603--2080997929,1 of 4
92603,Paseo De Vega,47,Single Family,https://www.trulia.com/p/ca/irvine/4985-paseo-de-vega-irvine-ca-92603--2080997931,1 of 4
92603,Paseo De Vega,47,Single Family,https://www.trulia.com/p/ca/irvine/4991-paseo-de-vega-irvine-ca-92603--2080997934,1 of 4
92603,Paseo De Vega,47,Single Family,https://www.trulia.com/p/ca/irvine/4992-paseo-de-vega-irvine-ca-92603--1012952572,1 of 4
92603,Paseo De Vega,47,Single Family,https://www.trulia.com/p/ca/irvine/5001-paseo-de-vega-irvine-ca-92603--2080998082,1 of 4
92603,Paseo De Vega,47,Single Family,https://www.trulia.com/p/ca/irvine/5002-paseo-de-vega-irvine-ca-92603--2080998084,1 of 4
92603,Paseo De Vega,47,Single Family,https://www.trulia.com/p/ca/irvine/5011-paseo-de-vega-irvine-ca-92603--2080998088,1 of 4
92603,Paseo De Vega,47,Single Family,https://www.trulia.com/p/ca/irvine/5012-paseo-de-vega-irvine-ca-92603--2080998091,1 of 4
92603,Paseo De Vega,47,Single Family,https://www.trulia.com/p/ca/irvine/5015-paseo-de-vega-irvine-ca-92603--2080998094,1 of 4
92603,Paseo De Vega,47,Single Family,https://www.trulia.com/p/ca/irvine/5016-paseo-de-vega-irvine-ca-92603--2080998096,1 of 4
92603,Paseo De Vega,47,Single Family,https://www.trulia.com/p/ca/irvine/5021-paseo-de-vega-irvine-ca-92603--2080998098,1 of 4
92603,Paseo De Vega,47,Single Family,https://www.trulia.com/p/ca/irvine/5022-paseo-de-vega-irvine-ca-92603--1018554248,1 of 4
92603,Paseo De Vega,47,Single Family,https://www.trulia.com/p/ca/irvine/5031-paseo-de-vega-irvine-ca-92603--2080998107,1 of 4
92603,Paseo De Vega,47,Single Family,https://www.trulia.com/p/ca/irvine/5032-paseo-de-vega-irvine-ca-92603--1058454733,1 of 4
92603,Paseo De Vega,47,Single Family,https://www.trulia.com/p/ca/irvine/5041-paseo-de-vega-irvine-ca-92603--2080998116,1 of 4
92603,Hillgrass,45,Single Family,https://www.trulia.com/p/ca/irvine/1-hillgrass-irvine-ca-92603--2145374987,1 of 4
92603,Hillgrass,45,Single Family,https://www.trulia.com/p/ca/irvine/1-hillgrass-irvine-ca-92603--2145374986,1 of 4
92603,Hillgrass,45,Single Family,https://www.trulia.com/p/ca/irvine/2-hillgrass-irvine-ca-92603--2080996773,1 of 4
92603,Hillgrass,45,Single Family,https://www.trulia.com/p/ca/irvine/3-hillgrass-irvine-ca-92603--2080997477,1 of 4
92603,Hillgrass,45,Single Family,https://www.trulia.com/p/ca/irvine/4-hillgrass-irvine-ca-92603--1001973420,1 of 4
92603,Hillgrass,45,Single Family,https://www.trulia.com/p/ca/irvine/5-hillgrass-irvine-ca-92603--2080998736,1 of 4
92603,Hillgrass,45,Single Family,https://www.trulia.com/p/ca/irvine/6-hillgrass-irvine-ca-92603--2080999280,1 of 4
92603,Hillgrass,45,Single Family,https://www.trulia.com/p/ca/irvine/7-hillgrass-irvine-ca-92603--2080999536,1 of 4
92603,Hillgrass,45,Single Family,https://www.trulia.com/p/ca/irvine/8-hillgrass-irvine-ca-92603--2080999773,1 of 4
92603,Hillgrass,45,Single Family,https://www.trulia.com/p/ca/irvine/9-hillgrass-irvine-ca-92603--2080999949,1 of 4
92603,Hillgrass,45,Single Family,https://www.trulia.com/p/ca/irvine/10-hillgrass-irvine-ca-92603--2080993670,1 of 4
92603,Hillgrass,45,Single Family,https://www.trulia.com/p/ca/irvine/11-hillgrass-irvine-ca-92603--1001989894,1 of 4
92603,Hillgrass,45,Single Family,https://www.trulia.com/p/ca/irvine/12-hillgrass-irvine-ca-92603--2080994271,1 of 4
92603,Hillgrass,45,Single Family,https://www.trulia.com/p/ca/irvine/13-hillgrass-irvine-ca-92603--1054930505,1 of 4
92603,Hillgrass,45,Single Family,https://www.trulia.com/p/ca/irvine/14-hillgrass-irvine-ca-92603--2080994555,1 of 4
92603,Hillgrass,45,Single Family,https://www.trulia.com/p/ca/irvine/15-hillgrass-irvine-ca-92603--2080994690,1 of 4
92603,Hillgrass,45,Single Family,https://www.trulia.com/p/ca/irvine/16-hillgrass-irvine-ca-92603--2080994787,1 of 4
92603,Hillgrass,45,Single Family,https://www.trulia.com/p/ca/irvine/17-hillgrass-irvine-ca-92603--2080994854,1 of 4
92603,Hillgrass,45,Single Family,https://www.trulia.com/p/ca/irvine/18-hillgrass-irvine-ca-92603--2080995151,1 of 4
92603,Hillgrass,45,Single Family,https://www.trulia.com/p/ca/irvine/19-hillgrass-irvine-ca-92603--1055984202,1 of 4
92603,Hillgrass,45,Single Family,https://www.trulia.com/p/ca/irvine/20-hillgrass-irvine-ca-92603--2080995828,1 of 4
92603,Hillgrass,45,Single Family,https://www.trulia.com/p/ca/irvine/21-hillgrass-irvine-ca-92603--2080995958,1 of 4
92603,Hillgrass,45,Single Family,https://www.trulia.com/p/ca/irvine/22-hillgrass-irvine-ca-92603--2080996091,1 of 4
92603,Hillgrass,45,Single Family,https://www.trulia.com/p/ca/irvine/23-hillgrass-irvine-ca-92603--2080996207,1 of 4
92603,Hillgrass,45,Single Family,https://www.trulia.com/p/ca/irvine/24-hillgrass-irvine-ca-92603--2080996313,1 of 4
92603,Hillgrass,45,Single Family,https://www.trulia.com/p/ca/irvine/25-hillgrass-irvine-ca-92603--1056729128,1 of 4
92603,Hillgrass,45,Single Family,https://www.trulia.com/p/ca/irvine/26-hillgrass-irvine-ca-92603--2080996490,1 of 4
92603,Hillgrass,45,Single Family,https://www.trulia.com/p/ca/irvine/27-hillgrass-irvine-ca-92603--2080996555,1 of 4
92603,Hillgrass,45,Single Family,https://www.trulia.com/p/ca/irvine/28-hillgrass-irvine-ca-92603--2080996628,1 of 4
92603,Hillgrass,45,Single Family,https://www.trulia.com/p/ca/irvine/29-hillgrass-irvine-ca-92603--2080996692,1 of 4
92603,Hillgrass,45,Single Family,https://www.trulia.com/p/ca/irvine/30-hillgrass-irvine-ca-92603--1057169524,1 of 4
92603,Hillgrass,45,Single Family,https://www.trulia.com/p/ca/irvine/31-hillgrass-irvine-ca-92603--2080996958,1 of 4
92603,Hillgrass,45,Single Family,https://www.trulia.com/p/ca/irvine/32-hillgrass-irvine-ca-92603--2080997032,1 of 4
92603,Hillgrass,45,Single Family,https://www.trulia.com/p/ca/irvine/33-hillgrass-irvine-ca-92603--2080997094,1 of 4
92603,Hillgrass,45,Single Family,https://www.trulia.com/p/ca/irvine/34-hillgrass-irvine-ca-92603--2080997151,1 of 4
92603,Hillgrass,45,Single Family,https://www.trulia.com/p/ca/irvine/35-hillgrass-irvine-ca-92603--2080997213,1 of 4
92603,Hillgrass,45,Single Family,https://www.trulia.com/p/ca/irvine/36-hillgrass-irvine-ca-92603--2080997269,1 of 4
92603,Hillgrass,45,Single Family,https://www.trulia.com/p/ca/irvine/37-hillgrass-irvine-ca-92603--2080997330,1 of 4
92603,Hillgrass,45,Single Family,https://www.trulia.com/p/ca/irvine/38-hillgrass-irvine-ca-92603--2080997371,1 of 4
92603,Hillgrass,45,Single Family,https://www.trulia.com/p/ca/irvine/39-hillgrass-irvine-ca-92603--2080997420,1 of 4
92603,Hillgrass,45,Single Family,https://www.trulia.com/p/ca/irvine/40-hillgrass-irvine-ca-92603--2080997577,1 of 4
92603,Hillgrass,45,Single Family,https://www.trulia.com/p/ca/irvine/41-hillgrass-irvine-ca-92603--2080997635,1 of 4
92603,Hillgrass,45,Single Family,https://www.trulia.com/p/ca/irvine/43-hillgrass-irvine-ca-92603--2080997708,1 of 4
92603,Hillgrass,45,Single Family,https://www.trulia.com/p/ca/irvine/45-hillgrass-irvine-ca-92603--2080997775,1 of 4
92603,Hillgrass,45,Single Family,https://www.trulia.com/p/ca/irvine/47-hillgrass-irvine-ca-92603--1002027829,1 of 4
92603,Vernal Spg,42,Single Family,https://www.trulia.com/p/ca/irvine/2-vernal-spg-irvine-ca-92603--2080996837,1 of 4
92603,Vernal Spg,42,Single Family,https://www.trulia.com/p/ca/irvine/6-vernal-spg-irvine-ca-92603--2080999355,1 of 4
92603,Vernal Spg,42,Single Family,https://www.trulia.com/p/ca/irvine/8-vernal-spg-irvine-ca-92603--2080999844,1 of 4
92603,Vernal Spg,42,Single Family,https://www.trulia.com/p/ca/irvine/10-vernal-spg-irvine-ca-92603--2080993742,1 of 4
92603,Vernal Spg,42,Single Family,https://www.trulia.com/p/ca/irvine/11-vernal-spg-irvine-ca-92603--2080994077,1 of 4
92603,Vernal Spg,42,Single Family,https://www.trulia.com/p/ca/irvine/12-vernal-spg-irvine-ca-92603--2080994339,1 of 4
92603,Vernal Spg,42,Single Family,https://www.trulia.com/p/ca/irvine/14-vernal-spg-irvine-ca-92603--2080994606,1 of 4
92603,Vernal Spg,42,Single Family,https://www.trulia.com/p/ca/irvine/15-vernal-spg-irvine-ca-92603--1055343582,1 of 4
92603,Vernal Spg,42,Single Family,https://www.trulia.com/p/ca/irvine/16-vernal-spg-irvine-ca-92603--2080994827,1 of 4
92603,Vernal Spg,42,Single Family,https://www.trulia.com/p/ca/irvine/17-vernal-spg-irvine-ca-92603--2080994894,1 of 4
92603,Vernal Spg,42,Single Family,https://www.trulia.com/p/ca/irvine/18-vernal-spg-irvine-ca-92603--1055848897,1 of 4
92603,Vernal Spg,42,Single Family,https://www.trulia.com/p/ca/irvine/19-vernal-spg-irvine-ca-92603--2080995632,1 of 4
92603,Vernal Spg,42,Single Family,https://www.trulia.com/p/ca/irvine/20-vernal-spg-irvine-ca-92603--2080995868,1 of 4
92603,Vernal Spg,42,Single Family,https://www.trulia.com/p/ca/irvine/21-vernal-spg-irvine-ca-92603--2080996005,1 of 4
92603,Vernal Spg,42,Single Family,https://www.trulia.com/p/ca/irvine/22-vernal-spg-irvine-ca-92603--2080996130,1 of 4
92603,Vernal Spg,42,Single Family,https://www.trulia.com/p/ca/irvine/23-vernal-spg-irvine-ca-92603--1056506941,1 of 4
92603,Vernal Spg,42,Single Family,https://www.trulia.com/p/ca/irvine/24-vernal-spg-irvine-ca-92603--2080996348,1 of 4
92603,Vernal Spg,42,Single Family,https://www.trulia.com/p/ca/irvine/25-vernal-spg-irvine-ca-92603--2080996452,1 of 4
92603,Vernal Spg,42,Single Family,https://www.trulia.com/p/ca/irvine/26-vernal-spg-irvine-ca-92603--1056833669,1 of 4
92603,Vernal Spg,42,Single Family,https://www.trulia.com/p/ca/irvine/27-vernal-spg-irvine-ca-92603--2080996591,1 of 4
92603,Vernal Spg,42,Single Family,https://www.trulia.com/p/ca/irvine/28-vernal-spg-irvine-ca-92603--2080996656,1 of 4
92603,Vernal Spg,42,Single Family,https://www.trulia.com/p/ca/irvine/29-vernal-spg-irvine-ca-92603--2080996724,1 of 4
92603,Vernal Spg,42,Single Family,https://www.trulia.com/p/ca/irvine/30-vernal-spg-irvine-ca-92603--2080996905,1 of 4
92603,Vernal Spg,42,Single Family,https://www.trulia.com/p/ca/irvine/31-vernal-spg-irvine-ca-92603--2080996992,1 of 4
92603,Vernal Spg,42,Single Family,https://www.trulia.com/p/ca/irvine/32-vernal-spg-irvine-ca-92603--1057345972,1 of 4
92603,Vernal Spg,42,Single Family,https://www.trulia.com/p/ca/irvine/33-vernal-spg-irvine-ca-92603--2080997127,1 of 4
92603,Vernal Spg,42,Single Family,https://www.trulia.com/p/ca/irvine/34-vernal-spg-irvine-ca-92603--2080997181,1 of 4
92603,Vernal Spg,42,Single Family,https://www.trulia.com/p/ca/irvine/36-vernal-spg-irvine-ca-92603--2080997296,1 of 4
92603,Vernal Spg,42,Single Family,https://www.trulia.com/p/ca/irvine/45-vernal-spg-irvine-ca-92603--2080997791,1 of 4
92603,Vernal Spg,42,Single Family,https://www.trulia.com/p/ca/irvine/47-vernal-spg-irvine-ca-92603--2080997855,1 of 4
92603,Vernal Spg,42,Single Family,https://www.trulia.com/p/ca/irvine/49-vernal-spg-irvine-ca-92603--1058389152,1 of 4
92603,Vernal Spg,42,Single Family,https://www.trulia.com/p/ca/irvine/50-vernal-spg-irvine-ca-92603--2080998167,1 of 4
92603,Vernal Spg,42,Single Family,https://www.trulia.com/p/ca/irvine/53-vernal-spg-irvine-ca-92603--2080998350,1 of 4
92603,Vernal Spg,42,Single Family,https://www.trulia.com/p/ca/irvine/54-vernal-spg-irvine-ca-92603--2080998418,1 of 4
92603,Vernal Spg,42,Single Family,https://www.trulia.com/p/ca/irvine/55-vernal-spg-irvine-ca-92603--2080998491,1 of 4
92603,Vernal Spg,42,Single Family,https://www.trulia.com/p/ca/irvine/57-vernal-spg-irvine-ca-92603--2080998615,1 of 4
92603,Vernal Spg,42,Single Family,https://www.trulia.com/p/ca/irvine/58-vernal-spg-irvine-ca-92603--1058780361,1 of 4
92603,Vernal Spg,42,Single Family,https://www.trulia.com/p/ca/irvine/59-vernal-spg-irvine-ca-92603--1051378621,1 of 4
92603,Vernal Spg,42,Single Family,https://www.trulia.com/p/ca/irvine/60-vernal-spg-irvine-ca-92603--2080998908,1 of 4
92603,Vernal Spg,42,Single Family,https://www.trulia.com/p/ca/irvine/61-vernal-spg-irvine-ca-92603--2080998958,1 of 4
92603,Vernal Spg,42,Single Family,https://www.trulia.com/p/ca/irvine/62-vernal-spg-irvine-ca-92603--2080999029,1 of 4
92603,Vernal Spg,42,Single Family,https://www.trulia.com/p/ca/irvine/63-vernal-spg-irvine-ca-92603--2080999070,1 of 4
92603,Bethany Dr,41,Single Family,https://www.trulia.com/p/ca/irvine/1-bethany-dr-irvine-ca-92603--2080995642,1 of 4
92603,Bethany Dr,41,Single Family,https://www.trulia.com/p/ca/irvine/2-bethany-dr-irvine-ca-92603--2080996736,1 of 4
92603,Bethany Dr,41,Single Family,https://www.trulia.com/p/ca/irvine/3-bethany-dr-irvine-ca-92603--2080997451,1 of 4
92603,Bethany Dr,41,Single Family,https://www.trulia.com/p/ca/irvine/4-bethany-dr-irvine-ca-92603--2080997969,1 of 4
92603,Bethany Dr,41,Single Family,https://www.trulia.com/p/ca/irvine/5-bethany-dr-irvine-ca-92603--2080998707,1 of 4
92603,Bethany Dr,41,Single Family,https://www.trulia.com/p/ca/irvine/6-bethany-dr-irvine-ca-92603--2080999245,1 of 4
92603,Bethany Dr,41,Single Family,https://www.trulia.com/p/ca/irvine/7-bethany-dr-irvine-ca-92603--2080999507,1 of 4
92603,Bethany Dr,41,Single Family,https://www.trulia.com/p/ca/irvine/8-bethany-dr-irvine-ca-92603--2080999738,1 of 4
92603,Bethany Dr,41,Single Family,https://www.trulia.com/p/ca/irvine/9-bethany-dr-irvine-ca-92603--1003999431,1 of 4
92603,Bethany Dr,41,Single Family,https://www.trulia.com/p/ca/irvine/10-bethany-dr-irvine-ca-92603--2080993630,1 of 4
92603,Bethany Dr,41,Single Family,https://www.trulia.com/p/ca/irvine/11-bethany-dr-irvine-ca-92603--1002001882,1 of 4
92603,Bethany Dr,41,Single Family,https://www.trulia.com/p/ca/irvine/12-bethany-dr-irvine-ca-92603--2080994236,1 of 4
92603,Bethany Dr,41,Single Family,https://www.trulia.com/p/ca/irvine/13-bethany-dr-irvine-ca-92603--1054929790,1 of 4
92603,Bethany Dr,41,Single Family,https://www.trulia.com/p/ca/irvine/14-bethany-dr-irvine-ca-92603--2080994521,1 of 4
92603,Bethany Dr,41,Single Family,https://www.trulia.com/p/ca/irvine/15-bethany-dr-irvine-ca-92603--2080994661,1 of 4
92603,Bethany Dr,41,Single Family,https://www.trulia.com/p/ca/irvine/16-bethany-dr-irvine-ca-92603--2080994766,1 of 4
92603,Bethany Dr,41,Single Family,https://www.trulia.com/p/ca/irvine/17-bethany-dr-irvine-ca-92603--2080994838,1 of 4
92603,Bethany Dr,41,Single Family,https://www.trulia.com/p/ca/irvine/19-bethany-dr-irvine-ca-92603--2080995569,1 of 4
92603,Bethany Dr,41,Single Family,https://www.trulia.com/p/ca/irvine/20-bethany-dr-irvine-ca-92603--2080995793,1 of 4
92603,Bethany Dr,41,Single Family,https://www.trulia.com/p/ca/irvine/21-bethany-dr-irvine-ca-92603--2080995920,1 of 4
92603,Bethany Dr,41,Single Family,https://www.trulia.com/p/ca/irvine/22-bethany-dr-irvine-ca-92603--2080996058,1 of 4
92603,Bethany Dr,41,Single Family,https://www.trulia.com/p/ca/irvine/23-bethany-dr-irvine-ca-92603--2080996173,1 of 4
92603,Bethany Dr,41,Single Family,https://www.trulia.com/p/ca/irvine/25-bethany-dr-irvine-ca-92603--2080996379,1 of 4
92603,Bethany Dr,41,Single Family,https://www.trulia.com/p/ca/irvine/27-bethany-dr-irvine-ca-92603--2080996530,1 of 4
92603,Bethany Dr,41,Single Family,https://www.trulia.com/p/ca/irvine/29-bethany-dr-irvine-ca-92603--2080996668,1 of 4
92603,Bethany Dr,41,Single Family,https://www.trulia.com/p/ca/irvine/31-bethany-dr-irvine-ca-92603--2080996934,1 of 4
92603,Bethany Dr,41,Single Family,https://www.trulia.com/p/ca/irvine/33-bethany-dr-irvine-ca-92603--2080997074,1 of 4
92603,Bethany Dr,41,Single Family,https://www.trulia.com/p/ca/irvine/35-bethany-dr-irvine-ca-92603--2080997193,1 of 4
92603,Bethany Dr,41,Single Family,https://www.trulia.com/p/ca/irvine/37-bethany-dr-irvine-ca-92603--2080997306,1 of 4
92603,Bethany Dr,41,Single Family,https://www.trulia.com/p/ca/irvine/39-bethany-dr-irvine-ca-92603--1002020564,1 of 4
92603,Bethany Dr,41,Single Family,https://www.trulia.com/p/ca/irvine/41-bethany-dr-irvine-ca-92603--2080997611,1 of 4
92603,Bethany Dr,41,Single Family,https://www.trulia.com/p/ca/irvine/43-bethany-dr-irvine-ca-92603--2080997694,1 of 4
92603,Bethany Dr,41,Single Family,https://www.trulia.com/p/ca/irvine/45-bethany-dr-irvine-ca-92603--2080997760,1 of 4
92603,Bethany Dr,41,Single Family,https://www.trulia.com/p/ca/irvine/47-bethany-dr-irvine-ca-92603--2080997830,1 of 4
92603,Bethany Dr,41,Single Family,https://www.trulia.com/p/ca/irvine/49-bethany-dr-irvine-ca-92603--2080997940,1 of 4
92603,Bethany Dr,41,Single Family,https://www.trulia.com/p/ca/irvine/51-bethany-dr-irvine-ca-92603--2080998199,1 of 4
92603,Bethany Dr,41,Single Family,https://www.trulia.com/p/ca/irvine/53-bethany-dr-irvine-ca-92603--1012334019,1 of 4
92603,Bethany Dr,41,Single Family,https://www.trulia.com/p/ca/irvine/55-bethany-dr-irvine-ca-92603--2080998454,1 of 4
92603,Bethany Dr,41,Single Family,https://www.trulia.com/p/ca/irvine/57-bethany-dr-irvine-ca-92603--2080998586,1 of 4
92603,Bethany Dr,41,Single Family,https://www.trulia.com/p/ca/irvine/59-bethany-dr-irvine-ca-92603--2080998675,1 of 4
92603,Bethany Dr,41,Single Family,https://www.trulia.com/p/ca/irvine/19275-bethany-dr-irvine-ca-92603--2080995331,1 of 4
92603,Sunlight,40,Single Family,https://www.trulia.com/p/ca/irvine/1-sunlight-irvine-ca-92603--2080995727,1 of 4
92603,Sunlight,40,Single Family,https://www.trulia.com/p/ca/irvine/3-sunlight-irvine-ca-92603--2080997538,1 of 4
92603,Sunlight,40,Single Family,https://www.trulia.com/p/ca/irvine/5-sunlight-irvine-ca-92603--2080998796,1 of 4
92603,Sunlight,40,Single Family,https://www.trulia.com/p/ca/irvine/7-sunlight-irvine-ca-92603--2080999593,1 of 4
92603,Sunlight,40,Single Family,https://www.trulia.com/p/ca/irvine/8-sunlight-irvine-ca-92603--1059577419,1 of 4
92603,Sunlight,40,Single Family,https://www.trulia.com/p/ca/irvine/9-sunlight-irvine-ca-92603--2080999999,1 of 4
92603,Sunlight,40,Single Family,https://www.trulia.com/p/ca/irvine/10-sunlight-irvine-ca-92603--2080993729,1 of 4
92603,Sunlight,40,Single Family,https://www.trulia.com/p/ca/irvine/11-sunlight-irvine-ca-92603--2080994063,1 of 4
92603,Sunlight,40,Single Family,https://www.trulia.com/p/ca/irvine/12-sunlight-irvine-ca-92603--2080994328,1 of 4
92603,Sunlight,40,Single Family,https://www.trulia.com/p/ca/irvine/13-sunlight-irvine-ca-92603--2080994449,1 of 4
92603,Sunlight,40,Single Family,https://www.trulia.com/p/ca/irvine/14-sunlight-irvine-ca-92603--2080994599,1 of 4
92603,Sunlight,40,Single Family,https://www.trulia.com/p/ca/irvine/15-sunlight-irvine-ca-92603--2080994729,1 of 4
92603,Sunlight,40,Single Family,https://www.trulia.com/p/ca/irvine/17-sunlight-irvine-ca-92603--2080994887,1 of 4
92603,Sunlight,40,Single Family,https://www.trulia.com/p/ca/irvine/19-sunlight-irvine-ca-92603--2080995624,1 of 4
92603,Sunlight,40,Single Family,https://www.trulia.com/p/ca/irvine/21-sunlight-irvine-ca-92603--2080995994,1 of 4
92603,Sunlight,40,Single Family,https://www.trulia.com/p/ca/irvine/23-sunlight-irvine-ca-92603--1042319070,1 of 4
92603,Sunlight,40,Single Family,https://www.trulia.com/p/ca/irvine/25-sunlight-irvine-ca-92603--2080996440,1 of 4
92603,Sunlight,40,Single Family,https://www.trulia.com/p/ca/irvine/27-sunlight-irvine-ca-92603--2080996582,1 of 4
92603,Sunlight,40,Single Family,https://www.trulia.com/p/ca/irvine/29-sunlight-irvine-ca-92603--2080996717,1 of 4
92603,Sunlight,40,Single Family,https://www.trulia.com/p/ca/irvine/30-sunlight-irvine-ca-92603--2080996899,1 of 4
92603,Sunlight,40,Single Family,https://www.trulia.com/p/ca/irvine/31-sunlight-irvine-ca-92603--2080996984,1 of 4
92603,Sunlight,40,Single Family,https://www.trulia.com/p/ca/irvine/32-sunlight-irvine-ca-92603--2080997054,1 of 4
92603,Sunlight,40,Single Family,https://www.trulia.com/p/ca/irvine/33-sunlight-irvine-ca-92603--2080997122,1 of 4
92603,Sunlight,40,Single Family,https://www.trulia.com/p/ca/irvine/34-sunlight-irvine-ca-92603--2080997175,1 of 4
92603,Sunlight,40,Single Family,https://www.trulia.com/p/ca/irvine/36-sunlight-irvine-ca-92603--2080997292,1 of 4
92603,Sunlight,40,Single Family,https://www.trulia.com/p/ca/irvine/38-sunlight-irvine-ca-92603--2080997390,1 of 4
92603,Sunlight,40,Single Family,https://www.trulia.com/p/ca/irvine/39-sunlight-irvine-ca-92603--2080997439,1 of 4
92603,Sunlight,40,Single Family,https://www.trulia.com/p/ca/irvine/40-sunlight-irvine-ca-92603--2080997595,1 of 4
92603,Sunlight,40,Single Family,https://www.trulia.com/p/ca/irvine/41-sunlight-irvine-ca-92603--2080997651,1 of 4
92603,Sunlight,40,Single Family,https://www.trulia.com/p/ca/irvine/42-sunlight-irvine-ca-92603--2080997680,1 of 4
92603,Sunlight,40,Single Family,https://www.trulia.com/p/ca/irvine/43-sunlight-irvine-ca-92603--2080997722,1 of 4
92603,Sunlight,40,Single Family,https://www.trulia.com/p/ca/irvine/44-sunlight-irvine-ca-92603--1002039225,1 of 4
92603,Sunlight,40,Single Family,https://www.trulia.com/p/ca/irvine/45-sunlight-irvine-ca-92603--2080997789,1 of 4
92603,Sunlight,40,Single Family,https://www.trulia.com/p/ca/irvine/46-sunlight-irvine-ca-92603--2080997820,1 of 4
92603,Sunlight,40,Single Family,https://www.trulia.com/p/ca/irvine/47-sunlight-irvine-ca-92603--2080997853,1 of 4
92603,Sunlight,40,Single Family,https://www.trulia.com/p/ca/irvine/48-sunlight-irvine-ca-92603--1058348637,1 of 4
92603,Sunlight,40,Single Family,https://www.trulia.com/p/ca/irvine/49-sunlight-irvine-ca-92603--2080997963,1 of 4
92603,Sunlight,40,Single Family,https://www.trulia.com/p/ca/irvine/51-sunlight-irvine-ca-92603--1003235688,1 of 4
92603,Sunlight,40,Single Family,https://www.trulia.com/p/ca/irvine/52-sunlight-irvine-ca-92603--2080998273,1 of 4
92603,Sunlight,40,Single Family,https://www.trulia.com/p/ca/irvine/54-sunlight-irvine-ca-92603--2080998414,1 of 4
92604,Manzanita,58,Single Family,https://www.trulia.com/p/ca/irvine/4031-manzanita-irvine-ca-92604--1006487739,1 of 4
92604,Manzanita,58,Single Family,https://www.trulia.com/p/ca/irvine/4041-manzanita-irvine-ca-92604--2081005521,1 of 4
92604,Manzanita,58,Single Family,https://www.trulia.com/p/ca/irvine/4051-manzanita-irvine-ca-92604--2081005535,1 of 4
92604,Manzanita,58,Single Family,https://www.trulia.com/p/ca/irvine/4052-manzanita-irvine-ca-92604--2081005543,1 of 4
92604,Manzanita,58,Single Family,https://www.trulia.com/p/ca/irvine/4061-manzanita-irvine-ca-92604--1057925378,1 of 4
92604,Manzanita,58,Single Family,https://www.trulia.com/p/ca/irvine/4062-manzanita-irvine-ca-92604--1057925893,1 of 4
92604,Manzanita,58,Single Family,https://www.trulia.com/p/ca/irvine/4071-manzanita-irvine-ca-92604--1057931330,1 of 4
92604,Manzanita,58,Single Family,https://www.trulia.com/p/ca/irvine/4072-manzanita-irvine-ca-92604--2081005574,1 of 4
92604,Manzanita,58,Single Family,https://www.trulia.com/p/ca/irvine/4081-manzanita-irvine-ca-92604--2081005581,1 of 4
92604,Manzanita,58,Single Family,https://www.trulia.com/p/ca/irvine/4082-manzanita-irvine-ca-92604--2081005588,1 of 4
92604,Manzanita,58,Single Family,https://www.trulia.com/p/ca/irvine/4091-manzanita-irvine-ca-92604--2081005594,1 of 4
92604,Manzanita,58,Single Family,https://www.trulia.com/p/ca/irvine/4092-manzanita-irvine-ca-92604--2081005600,1 of 4
92604,Manzanita,58,Single Family,https://www.trulia.com/p/ca/irvine/4102-manzanita-irvine-ca-92604--2081005671,1 of 4
92604,Manzanita,58,Single Family,https://www.trulia.com/p/ca/irvine/4111-manzanita-irvine-ca-92604--2081005678,1 of 4
92604,Manzanita,58,Single Family,https://www.trulia.com/p/ca/irvine/4112-manzanita-irvine-ca-92604--2081005686,1 of 4
92604,Manzanita,58,Single Family,https://www.trulia.com/p/ca/irvine/4121-manzanita-irvine-ca-92604--1002302149,1 of 4
92604,Manzanita,58,Single Family,https://www.trulia.com/p/ca/irvine/4122-manzanita-irvine-ca-92604--1008088174,1 of 4
92604,Manzanita,58,Single Family,https://www.trulia.com/p/ca/irvine/4131-manzanita-irvine-ca-92604--2081005708,1 of 4
92604,Manzanita,58,Single Family,https://www.trulia.com/p/ca/irvine/4132-manzanita-irvine-ca-92604--2081005716,1 of 4
92604,Manzanita,58,Single Family,https://www.trulia.com/p/ca/irvine/4141-manzanita-irvine-ca-92604--2081005722,1 of 4
92604,Manzanita,58,Single Family,https://www.trulia.com/p/ca/irvine/4142-manzanita-irvine-ca-92604--2081005731,1 of 4
92604,Manzanita,58,Single Family,https://www.trulia.com/p/ca/irvine/4151-manzanita-irvine-ca-92604--2081005739,1 of 4
92604,Manzanita,58,Single Family,https://www.trulia.com/p/ca/irvine/4152-manzanita-irvine-ca-92604--2081005748,1 of 4
92604,Manzanita,58,Single Family,https://www.trulia.com/p/ca/irvine/4161-manzanita-irvine-ca-92604--2081005757,1 of 4
92604,Manzanita,58,Single Family,https://www.trulia.com/p/ca/irvine/4171-manzanita-irvine-ca-92604--2081005768,1 of 4
92604,Manzanita,58,Single Family,https://www.trulia.com/p/ca/irvine/4181-manzanita-irvine-ca-92604--2081005782,1 of 4
92604,Manzanita,58,Single Family,https://www.trulia.com/p/ca/irvine/4191-manzanita-irvine-ca-92604--2081005793,1 of 4
92604,Manzanita,58,Single Family,https://www.trulia.com/p/ca/irvine/4201-manzanita-irvine-ca-92604--2081005856,1 of 4
92604,Manzanita,58,Single Family,https://www.trulia.com/p/ca/irvine/4221-manzanita-irvine-ca-92604--2081005864,1 of 4
92604,Manzanita,58,Single Family,https://www.trulia.com/p/ca/irvine/4231-manzanita-irvine-ca-92604--1001970960,1 of 4
92604,Manzanita,58,Single Family,https://www.trulia.com/p/ca/irvine/4241-manzanita-irvine-ca-92604--2081005876,1 of 4
92604,Manzanita,58,Single Family,https://www.trulia.com/p/ca/irvine/4251-manzanita-irvine-ca-92604--1002030768,1 of 4
92604,Manzanita,58,Single Family,https://www.trulia.com/p/ca/irvine/4261-manzanita-irvine-ca-92604--2081005913,1 of 4
92604,Manzanita,58,Single Family,https://www.trulia.com/p/ca/irvine/4271-manzanita-irvine-ca-92604--2081005924,1 of 4
92604,Manzanita,58,Single Family,https://www.trulia.com/p/ca/irvine/4281-manzanita-irvine-ca-92604--2081005934,1 of 4
92604,Manzanita,58,Single Family,https://www.trulia.com/p/ca/irvine/4282-manzanita-irvine-ca-92604--2081005941,1 of 4
92604,Manzanita,58,Single Family,https://www.trulia.com/p/ca/irvine/4291-manzanita-irvine-ca-92604--2081005949,1 of 4
92604,Manzanita,58,Single Family,https://www.trulia.com/p/ca/irvine/4292-manzanita-irvine-ca-92604--2081005955,1 of 4
92604,Manzanita,58,Single Family,https://www.trulia.com/p/ca/irvine/4301-manzanita-irvine-ca-92604--2081006019,1 of 4
92604,Manzanita,58,Single Family,https://www.trulia.com/p/ca/irvine/4302-manzanita-irvine-ca-92604--2081006028,1 of 4
92604,Manzanita,58,Single Family,https://www.trulia.com/p/ca/irvine/4311-manzanita-irvine-ca-92604--2081006034,1 of 4
92604,Manzanita,58,Single Family,https://www.trulia.com/p/ca/irvine/4312-manzanita-irvine-ca-92604--2081006040,1 of 4
92604,Manzanita,58,Single Family,https://www.trulia.com/p/ca/irvine/4321-manzanita-irvine-ca-92604--2081006045,1 of 4
92604,Manzanita,58,Single Family,https://www.trulia.com/p/ca/irvine/4322-manzanita-irvine-ca-92604--2081006053,1 of 4
92604,Manzanita,58,Single Family,https://www.trulia.com/p/ca/irvine/4331-manzanita-irvine-ca-92604--1001998005,1 of 4
92604,Manzanita,58,Single Family,https://www.trulia.com/p/ca/irvine/4332-manzanita-irvine-ca-92604--2081006070,1 of 4
92604,Manzanita,58,Single Family,https://www.trulia.com/p/ca/irvine/4342-manzanita-irvine-ca-92604--2081006085,1 of 4
92604,Manzanita,58,Single Family,https://www.trulia.com/p/ca/irvine/4352-manzanita-irvine-ca-92604--2081006099,1 of 4
92604,Manzanita,58,Single Family,https://www.trulia.com/p/ca/irvine/4361-manzanita-irvine-ca-92604--1001990627,1 of 4
92604,Manzanita,58,Single Family,https://www.trulia.com/p/ca/irvine/4362-manzanita-irvine-ca-92604--2081006113,1 of 4
92604,Manzanita,58,Single Family,https://www.trulia.com/p/ca/irvine/4371-manzanita-irvine-ca-92604--1037844188,1 of 4
92604,Manzanita,58,Single Family,https://www.trulia.com/p/ca/irvine/4372-manzanita-irvine-ca-92604--2081006126,1 of 4
92604,Manzanita,58,Single Family,https://www.trulia.com/p/ca/irvine/4381-manzanita-irvine-ca-92604--2081006133,1 of 4
92604,Manzanita,58,Single Family,https://www.trulia.com/p/ca/irvine/4382-manzanita-irvine-ca-92604--2081006140,1 of 4
92604,Manzanita,58,Single Family,https://www.trulia.com/p/ca/irvine/4391-manzanita-irvine-ca-92604--2081006148,1 of 4
92604,Manzanita,58,Single Family,https://www.trulia.com/p/ca/irvine/4392-manzanita-irvine-ca-92604--2081006157,1 of 4
92604,Manzanita,58,Single Family,https://www.trulia.com/p/ca/irvine/4401-manzanita-irvine-ca-92604--2081006206,1 of 4
92604,Manzanita,58,Single Family,https://www.trulia.com/p/ca/irvine/4411-manzanita-irvine-ca-92604--2081006210,1 of 4
92604,Barkwood Ave,55,Single Family,https://www.trulia.com/p/ca/irvine/4801-barkwood-ave-irvine-ca-92604--2081006755,1 of 4
92604,Barkwood Ave,55,Single Family,https://www.trulia.com/p/ca/irvine/4802-barkwood-ave-irvine-ca-92604--2081006761,1 of 4
92604,Barkwood Ave,55,Single Family,https://www.trulia.com/p/ca/irvine/4811-barkwood-ave-irvine-ca-92604--2081006765,1 of 4
92604,Barkwood Ave,55,Single Family,https://www.trulia.com/p/ca/irvine/4821-barkwood-ave-irvine-ca-92604--2081006776,1 of 4
92604,Barkwood Ave,55,Single Family,https://www.trulia.com/p/ca/irvine/4822-barkwood-ave-irvine-ca-92604--2081006783,1 of 4
92604,Barkwood Ave,55,Single Family,https://www.trulia.com/p/ca/irvine/4831-barkwood-ave-irvine-ca-92604--2081006792,1 of 4
92604,Barkwood Ave,55,Single Family,https://www.trulia.com/p/ca/irvine/4832-barkwood-ave-irvine-ca-92604--2081006798,1 of 4
92604,Barkwood Ave,55,Single Family,https://www.trulia.com/p/ca/irvine/4841-barkwood-ave-irvine-ca-92604--2081006807,1 of 4
92604,Barkwood Ave,55,Single Family,https://www.trulia.com/p/ca/irvine/4842-barkwood-ave-irvine-ca-92604--2081006815,1 of 4
92604,Barkwood Ave,55,Single Family,https://www.trulia.com/p/ca/irvine/4851-barkwood-ave-irvine-ca-92604--2081006827,1 of 4
92604,Barkwood Ave,55,Single Family,https://www.trulia.com/p/ca/irvine/4852-barkwood-ave-irvine-ca-92604--2081006834,1 of 4
92604,Barkwood Ave,55,Single Family,https://www.trulia.com/p/ca/irvine/4861-barkwood-ave-irvine-ca-92604--2081006843,1 of 4
92604,Barkwood Ave,55,Single Family,https://www.trulia.com/p/ca/irvine/4862-barkwood-ave-irvine-ca-92604--2081006849,1 of 4
92604,Barkwood Ave,55,Single Family,https://www.trulia.com/p/ca/irvine/4871-barkwood-ave-irvine-ca-92604--2081006861,1 of 4
92604,Barkwood Ave,55,Single Family,https://www.trulia.com/p/ca/irvine/4872-barkwood-ave-irvine-ca-92604--2081006869,1 of 4
92604,Barkwood Ave,55,Single Family,https://www.trulia.com/p/ca/irvine/4881-barkwood-ave-irvine-ca-92604--2081006878,1 of 4
92604,Barkwood Ave,55,Single Family,https://www.trulia.com/p/ca/irvine/4882-barkwood-ave-irvine-ca-92604--2081006882,1 of 4
92604,Barkwood Ave,55,Single Family,https://www.trulia.com/p/ca/irvine/4891-barkwood-ave-irvine-ca-92604--2081006889,1 of 4
92604,Barkwood Ave,55,Single Family,https://www.trulia.com/p/ca/irvine/4892-barkwood-ave-irvine-ca-92604--2081006895,1 of 4
92604,Barkwood Ave,55,Single Family,https://www.trulia.com/p/ca/irvine/4902-barkwood-ave-irvine-ca-92604--2081006945,1 of 4
92604,Barkwood Ave,55,Single Family,https://www.trulia.com/p/ca/irvine/4912-barkwood-ave-irvine-ca-92604--2081006957,1 of 4
92604,Barkwood Ave,55,Single Family,https://www.trulia.com/p/ca/irvine/4922-barkwood-ave-irvine-ca-92604--2081006971,1 of 4
92604,Barkwood Ave,55,Single Family,https://www.trulia.com/p/ca/irvine/4931-barkwood-ave-irvine-ca-92604--2081006978,1 of 4
92604,Barkwood Ave,55,Single Family,https://www.trulia.com/p/ca/irvine/4941-barkwood-ave-irvine-ca-92604--2081006988,1 of 4
92604,Barkwood Ave,55,Single Family,https://www.trulia.com/p/ca/irvine/4942-barkwood-ave-irvine-ca-92604--2081006993,1 of 4
92604,Barkwood Ave,55,Single Family,https://www.trulia.com/p/ca/irvine/4951-barkwood-ave-irvine-ca-92604--2081007004,1 of 4
92604,Barkwood Ave,55,Single Family,https://www.trulia.com/p/ca/irvine/4961-barkwood-ave-irvine-ca-92604--2081007011,1 of 4
92604,Barkwood Ave,55,Single Family,https://www.trulia.com/p/ca/irvine/4971-barkwood-ave-irvine-ca-92604--2081007019,1 of 4
92604,Barkwood Ave,55,Single Family,https://www.trulia.com/p/ca/irvine/4981-barkwood-ave-irvine-ca-92604--2081007029,1 of 4
92604,Barkwood Ave,55,Single Family,https://www.trulia.com/p/ca/irvine/4982-barkwood-ave-irvine-ca-92604--2081007034,1 of 4
92604,Barkwood Ave,55,Single Family,https://www.trulia.com/p/ca/irvine/4991-barkwood-ave-irvine-ca-92604--2081007041,1 of 4
92604,Barkwood Ave,55,Single Family,https://www.trulia.com/p/ca/irvine/5001-barkwood-ave-irvine-ca-92604--2081007375,1 of 4
92604,Barkwood Ave,55,Single Family,https://www.trulia.com/p/ca/irvine/5002-barkwood-ave-irvine-ca-92604--2081007379,1 of 4
92604,Barkwood Ave,55,Single Family,https://www.trulia.com/p/ca/irvine/5011-barkwood-ave-irvine-ca-92604--2081007386,1 of 4
92604,Barkwood Ave,55,Single Family,https://www.trulia.com/p/ca/irvine/5012-barkwood-ave-irvine-ca-92604--2081007389,1 of 4
92604,Barkwood Ave,55,Single Family,https://www.trulia.com/p/ca/irvine/5021-barkwood-ave-irvine-ca-92604--2081007396,1 of 4
92604,Barkwood Ave,55,Single Family,https://www.trulia.com/p/ca/irvine/5022-barkwood-ave-irvine-ca-92604--2081007400,1 of 4
92604,Barkwood Ave,55,Single Family,https://www.trulia.com/p/ca/irvine/5031-barkwood-ave-irvine-ca-92604--2081007404,1 of 4
92604,Barkwood Ave,55,Single Family,https://www.trulia.com/p/ca/irvine/5032-barkwood-ave-irvine-ca-92604--2081007409,1 of 4
92604,Barkwood Ave,55,Single Family,https://www.trulia.com/p/ca/irvine/5041-barkwood-ave-irvine-ca-92604--2081007417,1 of 4
92604,Barkwood Ave,55,Single Family,https://www.trulia.com/p/ca/irvine/5042-barkwood-ave-irvine-ca-92604--2081007427,1 of 4
92604,Barkwood Ave,55,Single Family,https://www.trulia.com/p/ca/irvine/5051-barkwood-ave-irvine-ca-92604--2081007440,1 of 4
92604,Barkwood Ave,55,Single Family,https://www.trulia.com/p/ca/irvine/5052-barkwood-ave-irvine-ca-92604--2081007450,1 of 4
92604,Barkwood Ave,55,Single Family,https://www.trulia.com/p/ca/irvine/5061-barkwood-ave-irvine-ca-92604--2081007460,1 of 4
92604,Barkwood Ave,55,Single Family,https://www.trulia.com/p/ca/irvine/5062-barkwood-ave-irvine-ca-92604--2081007470,1 of 4
92604,Barkwood Ave,55,Single Family,https://www.trulia.com/p/ca/irvine/5071-barkwood-ave-irvine-ca-92604--2081007480,1 of 4
92604,Barkwood Ave,55,Single Family,https://www.trulia.com/p/ca/irvine/5072-barkwood-ave-irvine-ca-92604--2081007488,1 of 4
92604,Barkwood Ave,55,Single Family,https://www.trulia.com/p/ca/irvine/5081-barkwood-ave-irvine-ca-92604--2081007496,1 of 4
92604,Barkwood Ave,55,Single Family,https://www.trulia.com/p/ca/irvine/5082-barkwood-ave-irvine-ca-92604--2081007505,1 of 4
92604,Barkwood Ave,55,Single Family,https://www.trulia.com/p/ca/irvine/5090-barkwood-ave-irvine-ca-92604--2081007513,1 of 4
92604,Barkwood Ave,55,Single Family,https://www.trulia.com/p/ca/irvine/5091-barkwood-ave-irvine-ca-92604--2081007514,1 of 4
92604,Barkwood Ave,55,Single Family,https://www.trulia.com/p/ca/irvine/5101-barkwood-ave-irvine-ca-92604--2081007611,1 of 4
92604,Barkwood Ave,55,Single Family,https://www.trulia.com/p/ca/irvine/5102-barkwood-ave-irvine-ca-92604--2081007621,1 of 4
92604,Barkwood Ave,55,Single Family,https://www.trulia.com/p/ca/irvine/5111-barkwood-ave-irvine-ca-92604--2081007629,1 of 4
92604,Barkwood Ave,55,Single Family,https://www.trulia.com/p/ca/irvine/5112-barkwood-ave-irvine-ca-92604--2081007634,1 of 4
92604,Bluejay,55,Single Family,https://www.trulia.com/p/ca/irvine/1-bluejay-irvine-ca-92604--2081003082,1 of 4
92604,Bluejay,55,Single Family,https://www.trulia.com/p/ca/irvine/2-bluejay-irvine-ca-92604--2081004350,1 of 4
92604,Bluejay,55,Single Family,https://www.trulia.com/p/ca/irvine/4-bluejay-irvine-ca-92604--2081007169,1 of 4
92604,Bluejay,55,Single Family,https://www.trulia.com/p/ca/irvine/6-bluejay-irvine-ca-92604--2081008700,1 of 4
92604,Bluejay,55,Single Family,https://www.trulia.com/p/ca/irvine/8-bluejay-irvine-ca-92604--1002041629,1 of 4
92604,Bluejay,55,Single Family,https://www.trulia.com/p/ca/irvine/10-bluejay-irvine-ca-92604--2081000131,1 of 4
92604,Bluejay,55,Single Family,https://www.trulia.com/p/ca/irvine/12-bluejay-irvine-ca-92604--2081000664,1 of 4
92604,Bluejay,55,Single Family,https://www.trulia.com/p/ca/irvine/14-bluejay-irvine-ca-92604--2081001673,1 of 4
92604,Bluejay,55,Single Family,https://www.trulia.com/p/ca/irvine/16-bluejay-irvine-ca-92604--2081002517,1 of 4
92604,Bluejay,55,Single Family,https://www.trulia.com/p/ca/irvine/18-bluejay-irvine-ca-92604--2081002824,1 of 4
92604,Bluejay,55,Single Family,https://www.trulia.com/p/ca/irvine/19-bluejay-irvine-ca-92604--2081002964,1 of 4
92604,Bluejay,55,Single Family,https://www.trulia.com/p/ca/irvine/20-bluejay-irvine-ca-92604--2081003291,1 of 4
92604,Bluejay,55,Single Family,https://www.trulia.com/p/ca/irvine/21-bluejay-irvine-ca-92604--2081003427,1 of 4
92604,Bluejay,55,Single Family,https://www.trulia.com/p/ca/irvine/22-bluejay-irvine-ca-92604--2081003541,1 of 4
92604,Bluejay,55,Single Family,https://www.trulia.com/p/ca/irvine/23-bluejay-irvine-ca-92604--2081003695,1 of 4
92604,Bluejay,55,Single Family,https://www.trulia.com/p/ca/irvine/24-bluejay-irvine-ca-92604--2081003783,1 of 4
92604,Bluejay,55,Single Family,https://www.trulia.com/p/ca/irvine/25-bluejay-irvine-ca-92604--2081003884,1 of 4
92604,Bluejay,55,Single Family,https://www.trulia.com/p/ca/irvine/26-bluejay-irvine-ca-92604--2081003974,1 of 4
92604,Bluejay,55,Single Family,https://www.trulia.com/p/ca/irvine/27-bluejay-irvine-ca-92604--2081004077,1 of 4
92604,Bluejay,55,Single Family,https://www.trulia.com/p/ca/irvine/28-bluejay-irvine-ca-92604--2081004158,1 of 4
92604,Bluejay,55,Single Family,https://www.trulia.com/p/ca/irvine/29-bluejay-irvine-ca-92604--2081004251,1 of 4
92604,Bluejay,55,Single Family,https://www.trulia.com/p/ca/irvine/30-bluejay-irvine-ca-92604--2081004566,1 of 4
92604,Bluejay,55,Single Family,https://www.trulia.com/p/ca/irvine/32-bluejay-irvine-ca-92604--2081004730,1 of 4
92604,Bluejay,55,Single Family,https://www.trulia.com/p/ca/irvine/34-bluejay-irvine-ca-92604--2081004885,1 of 4
92604,Bluejay,55,Single Family,https://www.trulia.com/p/ca/irvine/36-bluejay-irvine-ca-92604--2081005039,1 of 4
92604,Bluejay,55,Single Family,https://www.trulia.com/p/ca/irvine/38-bluejay-irvine-ca-92604--2081005171,1 of 4
92604,Bluejay,55,Single Family,https://www.trulia.com/p/ca/irvine/40-bluejay-irvine-ca-92604--2081005612,1 of 4
92604,Bluejay,55,Single Family,https://www.trulia.com/p/ca/irvine/41-bluejay-irvine-ca-92604--2081005801,1 of 4
92604,Bluejay,55,Single Family,https://www.trulia.com/p/ca/irvine/42-bluejay-irvine-ca-92604--2081005972,1 of 4
92604,Bluejay,55,Single Family,https://www.trulia.com/p/ca/irvine/43-bluejay-irvine-ca-92604--1024225171,1 of 4
92604,Bluejay,55,Single Family,https://www.trulia.com/p/ca/irvine/44-bluejay-irvine-ca-92604--2081006275,1 of 4
92604,Bluejay,55,Single Family,https://www.trulia.com/p/ca/irvine/45-bluejay-irvine-ca-92604--2081006447,1 of 4
92604,Bluejay,55,Single Family,https://www.trulia.com/p/ca/irvine/47-bluejay-irvine-ca-92604--2081006712,1 of 4
92604,Bluejay,55,Single Family,https://www.trulia.com/p/ca/irvine/49-bluejay-irvine-ca-92604--2081007054,1 of 4
92604,Bluejay,55,Single Family,https://www.trulia.com/p/ca/irvine/51-bluejay-irvine-ca-92604--2081007749,1 of 4
92604,Bluejay,55,Single Family,https://www.trulia.com/p/ca/irvine/53-bluejay-irvine-ca-92604--2081007916,1 of 4
92604,Bluejay,55,Single Family,https://www.trulia.com/p/ca/irvine/55-bluejay-irvine-ca-92604--2081008016,1 of 4
92604,Bluejay,55,Single Family,https://www.trulia.com/p/ca/irvine/57-bluejay-irvine-ca-92604--1001993245,1 of 4
92604,Bluejay,55,Single Family,https://www.trulia.com/p/ca/irvine/59-bluejay-irvine-ca-92604--2081008134,1 of 4
92604,Bluejay,55,Single Family,https://www.trulia.com/p/ca/irvine/61-bluejay-irvine-ca-92604--2081008409,1 of 4
92604,Bluejay,55,Single Family,https://www.trulia.com/p/ca/irvine/63-bluejay-irvine-ca-92604--2081008470,1 of 4
92604,Bluejay,55,Single Family,https://www.trulia.com/p/ca/irvine/65-bluejay-irvine-ca-92604--2081008536,1 of 4
92604,Bluejay,55,Single Family,https://www.trulia.com/p/ca/irvine/66-bluejay-irvine-ca-92604--2081008570,1 of 4
92604,Bluejay,55,Single Family,https://www.trulia.com/p/ca/irvine/67-bluejay-irvine-ca-92604--2081008595,1 of 4
92604,Bluejay,55,Single Family,https://www.trulia.com/p/ca/irvine/68-bluejay-irvine-ca-92604--2081008625,1 of 4
92604,Bluejay,55,Single Family,https://www.trulia.com/p/ca/irvine/69-bluejay-irvine-ca-92604--2081008647,1 of 4
92604,Bluejay,55,Single Family,https://www.trulia.com/p/ca/irvine/70-bluejay-irvine-ca-92604--2081008896,1 of 4
92604,Bluejay,55,Single Family,https://www.trulia.com/p/ca/irvine/71-bluejay-irvine-ca-92604--2081008921,1 of 4
92604,Bluejay,55,Single Family,https://www.trulia.com/p/ca/irvine/72-bluejay-irvine-ca-92604--2081008951,1 of 4
92604,Bluejay,55,Single Family,https://www.trulia.com/p/ca/irvine/73-bluejay-irvine-ca-92604--2081008971,1 of 4
92604,Bluejay,55,Single Family,https://www.trulia.com/p/ca/irvine/74-bluejay-irvine-ca-92604--2081008999,1 of 4
92604,Bluejay,55,Single Family,https://www.trulia.com/p/ca/irvine/75-bluejay-irvine-ca-92604--2081009023,1 of 4
92604,Bluejay,55,Single Family,https://www.trulia.com/p/ca/irvine/76-bluejay-irvine-ca-92604--2081009048,1 of 4
92604,Bluejay,55,Single Family,https://www.trulia.com/p/ca/irvine/77-bluejay-irvine-ca-92604--2081009068,1 of 4
92604,Bluejay,55,Single Family,https://www.trulia.com/p/ca/irvine/78-bluejay-irvine-ca-92604--2081009095,1 of 4
92604,Sparrowhawk,54,Single Family,https://www.trulia.com/p/ca/irvine/1-sparrowhawk-irvine-ca-92604--2081003239,1 of 4
92604,Sparrowhawk,54,Single Family,https://www.trulia.com/p/ca/irvine/2-sparrowhawk-irvine-ca-92604--1056109019,1 of 4
92604,Sparrowhawk,54,Single Family,https://www.trulia.com/p/ca/irvine/3-sparrowhawk-irvine-ca-92604--2081005456,1 of 4
92604,Sparrowhawk,54,Single Family,https://www.trulia.com/p/ca/irvine/5-sparrowhawk-irvine-ca-92604--2081008328,1 of 4
92604,Sparrowhawk,54,Single Family,https://www.trulia.com/p/ca/irvine/7-sparrowhawk-irvine-ca-92604--2081009311,1 of 4
92604,Sparrowhawk,54,Single Family,https://www.trulia.com/p/ca/irvine/8-sparrowhawk-irvine-ca-92604--1001887919,1 of 4
92604,Sparrowhawk,54,Single Family,https://www.trulia.com/p/ca/irvine/9-sparrowhawk-irvine-ca-92604--2081010145,1 of 4
92604,Sparrowhawk,54,Single Family,https://www.trulia.com/p/ca/irvine/10-sparrowhawk-irvine-ca-92604--2081000300,1 of 4
92604,Sparrowhawk,54,Single Family,https://www.trulia.com/p/ca/irvine/11-sparrowhawk-irvine-ca-92604--2081000565,1 of 4
92604,Sparrowhawk,54,Single Family,https://www.trulia.com/p/ca/irvine/12-sparrowhawk-irvine-ca-92604--2081000800,1 of 4
92604,Sparrowhawk,54,Single Family,https://www.trulia.com/p/ca/irvine/13-sparrowhawk-irvine-ca-92604--2081000987,1 of 4
92604,Sparrowhawk,54,Single Family,https://www.trulia.com/p/ca/irvine/15-sparrowhawk-irvine-ca-92604--2081002447,1 of 4
92604,Sparrowhawk,54,Single Family,https://www.trulia.com/p/ca/irvine/17-sparrowhawk-irvine-ca-92604--2081002768,1 of 4
92604,Sparrowhawk,54,Single Family,https://www.trulia.com/p/ca/irvine/19-sparrowhawk-irvine-ca-92604--1055985591,1 of 4
92604,Sparrowhawk,54,Single Family,https://www.trulia.com/p/ca/irvine/21-sparrowhawk-irvine-ca-92604--1001906790,1 of 4
92604,Sparrowhawk,54,Single Family,https://www.trulia.com/p/ca/irvine/23-sparrowhawk-irvine-ca-92604--2081003756,1 of 4
92604,Sparrowhawk,54,Single Family,https://www.trulia.com/p/ca/irvine/25-sparrowhawk-irvine-ca-92604--2081003947,1 of 4
92604,Sparrowhawk,54,Single Family,https://www.trulia.com/p/ca/irvine/27-sparrowhawk-irvine-ca-92604--2081004131,1 of 4
92604,Sparrowhawk,54,Single Family,https://www.trulia.com/p/ca/irvine/29-sparrowhawk-irvine-ca-92604--2081004306,1 of 4
92604,Sparrowhawk,54,Single Family,https://www.trulia.com/p/ca/irvine/31-sparrowhawk-irvine-ca-92604--2081004705,1 of 4
92604,Sparrowhawk,54,Single Family,https://www.trulia.com/p/ca/irvine/32-sparrowhawk-irvine-ca-92604--2081004784,1 of 4
92604,Sparrowhawk,54,Single Family,https://www.trulia.com/p/ca/irvine/33-sparrowhawk-irvine-ca-92604--2081004863,1 of 4
92604,Sparrowhawk,54,Single Family,https://www.trulia.com/p/ca/irvine/34-sparrowhawk-irvine-ca-92604--2081004936,1 of 4
92604,Sparrowhawk,54,Single Family,https://www.trulia.com/p/ca/irvine/35-sparrowhawk-irvine-ca-92604--2081005015,1 of 4
92604,Sparrowhawk,54,Single Family,https://www.trulia.com/p/ca/irvine/36-sparrowhawk-irvine-ca-92604--2081005087,1 of 4
92604,Sparrowhawk,54,Single Family,https://www.trulia.com/p/ca/irvine/37-sparrowhawk-irvine-ca-92604--2081005154,1 of 4
92604,Sparrowhawk,54,Single Family,https://www.trulia.com/p/ca/irvine/38-sparrowhawk-irvine-ca-92604--2081005218,1 of 4
92604,Sparrowhawk,54,Single Family,https://www.trulia.com/p/ca/irvine/39-sparrowhawk-irvine-ca-92604--1057812838,1 of 4
92604,Sparrowhawk,54,Single Family,https://www.trulia.com/p/ca/irvine/40-sparrowhawk-irvine-ca-92604--1001707885,1 of 4
92604,Sparrowhawk,54,Single Family,https://www.trulia.com/p/ca/irvine/41-sparrowhawk-irvine-ca-92604--2081005846,1 of 4
92604,Sparrowhawk,54,Single Family,https://www.trulia.com/p/ca/irvine/42-sparrowhawk-irvine-ca-92604--1058020919,1 of 4
92604,Sparrowhawk,54,Single Family,https://www.trulia.com/p/ca/irvine/43-sparrowhawk-irvine-ca-92604--1058088261,1 of 4
92604,Sparrowhawk,54,Single Family,https://www.trulia.com/p/ca/irvine/44-sparrowhawk-irvine-ca-92604--1002773944,1 of 4
92604,Sparrowhawk,54,Single Family,https://www.trulia.com/p/ca/irvine/45-sparrowhawk-irvine-ca-92604--2081006489,1 of 4
92604,Sparrowhawk,54,Single Family,https://www.trulia.com/p/ca/irvine/46-sparrowhawk-irvine-ca-92604--2081006657,1 of 4
92604,Sparrowhawk,54,Single Family,https://www.trulia.com/p/ca/irvine/47-sparrowhawk-irvine-ca-92604--1058307004,1 of 4
92604,Sparrowhawk,54,Single Family,https://www.trulia.com/p/ca/irvine/48-sparrowhawk-irvine-ca-92604--1009147678,1 of 4
92604,Sparrowhawk,54,Single Family,https://www.trulia.com/p/ca/irvine/49-sparrowhawk-irvine-ca-92604--2081007081,1 of 4
92604,Sparrowhawk,54,Single Family,https://www.trulia.com/p/ca/irvine/50-sparrowhawk-irvine-ca-92604--2081007606,1 of 4
92604,Sparrowhawk,54,Single Family,https://www.trulia.com/p/ca/irvine/51-sparrowhawk-irvine-ca-92604--1005394544,1 of 4
92604,Sparrowhawk,54,Single Family,https://www.trulia.com/p/ca/irvine/52-sparrowhawk-irvine-ca-92604--1058537406,1 of 4
92604,Sparrowhawk,54,Single Family,https://www.trulia.com/p/ca/irvine/53-sparrowhawk-irvine-ca-92604--2081007945,1 of 4
92604,Sparrowhawk,54,Single Family,https://www.trulia.com/p/ca/irvine/54-sparrowhawk-irvine-ca-92604--2081008007,1 of 4
92604,Sparrowhawk,54,Single Family,https://www.trulia.com/p/ca/irvine/55-sparrowhawk-irvine-ca-92604--2081008044,1 of 4
92604,Sparrowhawk,54,Single Family,https://www.trulia.com/p/ca/irvine/56-sparrowhawk-irvine-ca-92604--2081008073,1 of 4
92604,Sparrowhawk,54,Single Family,https://www.trulia.com/p/ca/irvine/57-sparrowhawk-irvine-ca-92604--2081008105,1 of 4
92604,Sparrowhawk,54,Single Family,https://www.trulia.com/p/ca/irvine/58-sparrowhawk-irvine-ca-92604--2081008129,1 of 4
92604,Sparrowhawk,54,Single Family,https://www.trulia.com/p/ca/irvine/59-sparrowhawk-irvine-ca-92604--1002779676,1 of 4
92604,Sparrowhawk,54,Single Family,https://www.trulia.com/p/ca/irvine/60-sparrowhawk-irvine-ca-92604--2081008399,1 of 4
92604,Sparrowhawk,54,Single Family,https://www.trulia.com/p/ca/irvine/61-sparrowhawk-irvine-ca-92604--2081008436,1 of 4
92604,Sparrowhawk,54,Single Family,https://www.trulia.com/p/ca/irvine/62-sparrowhawk-irvine-ca-92604--2081008462,1 of 4
92604,Sparrowhawk,54,Single Family,https://www.trulia.com/p/ca/irvine/63-sparrowhawk-irvine-ca-92604--1014519002,1 of 4
92604,Sparrowhawk,54,Single Family,https://www.trulia.com/p/ca/irvine/64-sparrowhawk-irvine-ca-92604--2081008525,1 of 4
92604,Sparrowhawk,54,Single Family,https://www.trulia.com/p/ca/irvine/68-sparrowhawk-irvine-ca-92604--2081008642,1 of 4
92604,Meadowgrass,50,Single Family,https://www.trulia.com/p/ca/irvine/1-meadowgrass-irvine-ca-92604--2081003183,1 of 4
92604,Meadowgrass,50,Single Family,https://www.trulia.com/p/ca/irvine/2-meadowgrass-irvine-ca-92604--2081004457,1 of 4
92604,Meadowgrass,50,Single Family,https://www.trulia.com/p/ca/irvine/3-meadowgrass-irvine-ca-92604--2081005401,1 of 4
92604,Meadowgrass,50,Single Family,https://www.trulia.com/p/ca/irvine/4-meadowgrass-irvine-ca-92604--2081007272,1 of 4
92604,Meadowgrass,50,Single Family,https://www.trulia.com/p/ca/irvine/5-meadowgrass-irvine-ca-92604--2081008276,1 of 4
92604,Meadowgrass,50,Single Family,https://www.trulia.com/p/ca/irvine/6-meadowgrass-irvine-ca-92604--2081008796,1 of 4
92604,Meadowgrass,50,Single Family,https://www.trulia.com/p/ca/irvine/8-meadowgrass-irvine-ca-92604--2081009690,1 of 4
92604,Meadowgrass,50,Single Family,https://www.trulia.com/p/ca/irvine/9-meadowgrass-irvine-ca-92604--2081010087,1 of 4
92604,Meadowgrass,50,Single Family,https://www.trulia.com/p/ca/irvine/10-meadowgrass-irvine-ca-92604--2081000233,1 of 4
92604,Meadowgrass,50,Single Family,https://www.trulia.com/p/ca/irvine/11-meadowgrass-irvine-ca-92604--2081000518,1 of 4
92604,Meadowgrass,50,Single Family,https://www.trulia.com/p/ca/irvine/13-meadowgrass-irvine-ca-92604--2081000947,1 of 4
92604,Meadowgrass,50,Single Family,https://www.trulia.com/p/ca/irvine/15-meadowgrass-irvine-ca-92604--2081002405,1 of 4
92604,Meadowgrass,50,Single Family,https://www.trulia.com/p/ca/irvine/16-meadowgrass-irvine-ca-92604--2081002582,1 of 4
92604,Meadowgrass,50,Single Family,https://www.trulia.com/p/ca/irvine/17-meadowgrass-irvine-ca-92604--1001942207,1 of 4
92604,Meadowgrass,50,Single Family,https://www.trulia.com/p/ca/irvine/18-meadowgrass-irvine-ca-92604--2081002885,1 of 4
92604,Meadowgrass,50,Single Family,https://www.trulia.com/p/ca/irvine/19-meadowgrass-irvine-ca-92604--2081003008,1 of 4
92604,Meadowgrass,50,Single Family,https://www.trulia.com/p/ca/irvine/20-meadowgrass-irvine-ca-92604--2081003345,1 of 4
92604,Meadowgrass,50,Single Family,https://www.trulia.com/p/ca/irvine/21-meadowgrass-irvine-ca-92604--2081003474,1 of 4
92604,Meadowgrass,50,Single Family,https://www.trulia.com/p/ca/irvine/22-meadowgrass-irvine-ca-92604--1056379134,1 of 4
92604,Meadowgrass,50,Single Family,https://www.trulia.com/p/ca/irvine/23-meadowgrass-irvine-ca-92604--1002034114,1 of 4
92604,Meadowgrass,50,Single Family,https://www.trulia.com/p/ca/irvine/24-meadowgrass-irvine-ca-92604--2081003826,1 of 4
92604,Meadowgrass,50,Single Family,https://www.trulia.com/p/ca/irvine/25-meadowgrass-irvine-ca-92604--2081003924,1 of 4
92604,Meadowgrass,50,Single Family,https://www.trulia.com/p/ca/irvine/26-meadowgrass-irvine-ca-92604--2081004020,1 of 4
92604,Meadowgrass,50,Single Family,https://www.trulia.com/p/ca/irvine/27-meadowgrass-irvine-ca-92604--2081004112,1 of 4
92604,Meadowgrass,50,Single Family,https://www.trulia.com/p/ca/irvine/28-meadowgrass-irvine-ca-92604--1002039619,1 of 4
92604,Meadowgrass,50,Single Family,https://www.trulia.com/p/ca/irvine/29-meadowgrass-irvine-ca-92604--2081004283,1 of 4
92604,Meadowgrass,50,Single Family,https://www.trulia.com/p/ca/irvine/30-meadowgrass-irvine-ca-92604--2081004610,1 of 4
92604,Meadowgrass,50,Single Family,https://www.trulia.com/p/ca/irvine/31-meadowgrass-irvine-ca-92604--2081004683,1 of 4
92604,Meadowgrass,50,Single Family,https://www.trulia.com/p/ca/irvine/32-meadowgrass-irvine-ca-92604--2081004764,1 of 4
92604,Meadowgrass,50,Single Family,https://www.trulia.com/p/ca/irvine/33-meadowgrass-irvine-ca-92604--2081004844,1 of 4
92604,Meadowgrass,50,Single Family,https://www.trulia.com/p/ca/irvine/34-meadowgrass-irvine-ca-92604--2081004919,1 of 4
92604,Meadowgrass,50,Single Family,https://www.trulia.com/p/ca/irvine/35-meadowgrass-irvine-ca-92604--2081004996,1 of 4
92604,Meadowgrass,50,Single Family,https://www.trulia.com/p/ca/irvine/36-meadowgrass-irvine-ca-92604--2081005069,1 of 4
92604,Meadowgrass,50,Single Family,https://www.trulia.com/p/ca/irvine/37-meadowgrass-irvine-ca-92604--2081005133,1 of 4
92604,Meadowgrass,50,Single Family,https://www.trulia.com/p/ca/irvine/38-meadowgrass-irvine-ca-92604--2081005202,1 of 4
92604,Meadowgrass,50,Single Family,https://www.trulia.com/p/ca/irvine/39-meadowgrass-irvine-ca-92604--2081005252,1 of 4
92604,Meadowgrass,50,Single Family,https://www.trulia.com/p/ca/irvine/40-meadowgrass-irvine-ca-92604--2081005639,1 of 4
92604,Meadowgrass,50,Single Family,https://www.trulia.com/p/ca/irvine/41-meadowgrass-irvine-ca-92604--2081005829,1 of 4
92604,Meadowgrass,50,Single Family,https://www.trulia.com/p/ca/irvine/42-meadowgrass-irvine-ca-92604--2081006001,1 of 4
92604,Meadowgrass,50,Single Family,https://www.trulia.com/p/ca/irvine/43-meadowgrass-irvine-ca-92604--2081006187,1 of 4
92604,Meadowgrass,50,Single Family,https://www.trulia.com/p/ca/irvine/44-meadowgrass-irvine-ca-92604--2081006303,1 of 4
92604,Meadowgrass,50,Single Family,https://www.trulia.com/p/ca/irvine/45-meadowgrass-irvine-ca-92604--2081006474,1 of 4
92604,Meadowgrass,50,Single Family,https://www.trulia.com/p/ca/irvine/46-meadowgrass-irvine-ca-92604--2081006647,1 of 4
92604,Meadowgrass,50,Single Family,https://www.trulia.com/p/ca/irvine/47-meadowgrass-irvine-ca-92604--2081006735,1 of 4
92604,Meadowgrass,50,Single Family,https://www.trulia.com/p/ca/irvine/48-meadowgrass-irvine-ca-92604--2081006926,1 of 4
92604,Meadowgrass,50,Single Family,https://www.trulia.com/p/ca/irvine/49-meadowgrass-irvine-ca-92604--1001944156,1 of 4
92604,Meadowgrass,50,Single Family,https://www.trulia.com/p/ca/irvine/51-meadowgrass-irvine-ca-92604--2081007773,1 of 4
92604,Meadowgrass,50,Single Family,https://www.trulia.com/p/ca/irvine/53-meadowgrass-irvine-ca-92604--2081007936,1 of 4
92604,Meadowgrass,50,Single Family,https://www.trulia.com/p/ca/irvine/57-meadowgrass-irvine-ca-92604--1058748143,1 of 4
92604,Meadowgrass,50,Single Family,https://www.trulia.com/p/ca/irvine/59-meadowgrass-irvine-ca-92604--2081008146,1 of 4
92604,Red Rock,50,Single Family,https://www.trulia.com/p/ca/irvine/1-red-rock-irvine-ca-92604--2081003221,1 of 4
92604,Red Rock,50,Single Family,https://www.trulia.com/p/ca/irvine/2-red-rock-irvine-ca-92604--2081004495,1 of 4
92604,Red Rock,50,Single Family,https://www.trulia.com/p/ca/irvine/3-red-rock-irvine-ca-92604--2081005441,1 of 4
92604,Red Rock,50,Single Family,https://www.trulia.com/p/ca/irvine/4-red-rock-irvine-ca-92604--2081007313,1 of 4
92604,Red Rock,50,Single Family,https://www.trulia.com/p/ca/irvine/5-red-rock-irvine-ca-92604--2081008311,1 of 4
92604,Red Rock,50,Single Family,https://www.trulia.com/p/ca/irvine/6-red-rock-irvine-ca-92604--2081008837,1 of 4
92604,Red Rock,50,Single Family,https://www.trulia.com/p/ca/irvine/7-red-rock-irvine-ca-92604--2081009296,1 of 4
92604,Red Rock,50,Single Family,https://www.trulia.com/p/ca/irvine/8-red-rock-irvine-ca-92604--1001906710,1 of 4
92604,Red Rock,50,Single Family,https://www.trulia.com/p/ca/irvine/9-red-rock-irvine-ca-92604--2081010128,1 of 4
92604,Red Rock,50,Single Family,https://www.trulia.com/p/ca/irvine/10-red-rock-irvine-ca-92604--2081000280,1 of 4
92604,Red Rock,50,Single Family,https://www.trulia.com/p/ca/irvine/11-red-rock-irvine-ca-92604--2081000549,1 of 4
92604,Red Rock,50,Single Family,https://www.trulia.com/p/ca/irvine/12-red-rock-irvine-ca-92604--2081000780,1 of 4
92604,Red Rock,50,Single Family,https://www.trulia.com/p/ca/irvine/13-red-rock-irvine-ca-92604--2081000973,1 of 4
92604,Red Rock,50,Single Family,https://www.trulia.com/p/ca/irvine/14-red-rock-irvine-ca-92604--2081001774,1 of 4
92604,Red Rock,50,Single Family,https://www.trulia.com/p/ca/irvine/15-red-rock-irvine-ca-92604--2081002433,1 of 4
92604,Red Rock,50,Single Family,https://www.trulia.com/p/ca/irvine/16-red-rock-irvine-ca-92604--2081002608,1 of 4
92604,Red Rock,50,Single Family,https://www.trulia.com/p/ca/irvine/17-red-rock-irvine-ca-92604--2081002753,1 of 4
92604,Red Rock,50,Single Family,https://www.trulia.com/p/ca/irvine/18-red-rock-irvine-ca-92604--2081002908,1 of 4
92604,Red Rock,50,Single Family,https://www.trulia.com/p/ca/irvine/19-red-rock-irvine-ca-92604--1037530445,1 of 4
92604,Red Rock,50,Single Family,https://www.trulia.com/p/ca/irvine/20-red-rock-irvine-ca-92604--2081003366,1 of 4
92604,Red Rock,50,Single Family,https://www.trulia.com/p/ca/irvine/21-red-rock-irvine-ca-92604--2081003496,1 of 4
92604,Red Rock,50,Single Family,https://www.trulia.com/p/ca/irvine/22-red-rock-irvine-ca-92604--2081003653,1 of 4
92604,Red Rock,50,Single Family,https://www.trulia.com/p/ca/irvine/23-red-rock-irvine-ca-92604--2081003748,1 of 4
92604,Red Rock,50,Single Family,https://www.trulia.com/p/ca/irvine/24-red-rock-irvine-ca-92604--2081003846,1 of 4
92604,Red Rock,50,Single Family,https://www.trulia.com/p/ca/irvine/25-red-rock-irvine-ca-92604--2081003938,1 of 4
92604,Red Rock,50,Single Family,https://www.trulia.com/p/ca/irvine/27-red-rock-irvine-ca-92604--2081004124,1 of 4
92604,Red Rock,50,Single Family,https://www.trulia.com/p/ca/irvine/29-red-rock-irvine-ca-92604--2081004295,1 of 4
92604,Red Rock,50,Single Family,https://www.trulia.com/p/ca/irvine/31-red-rock-irvine-ca-92604--2081004695,1 of 4
92604,Red Rock,50,Single Family,https://www.trulia.com/p/ca/irvine/33-red-rock-irvine-ca-92604--2081004856,1 of 4
92604,Red Rock,50,Single Family,https://www.trulia.com/p/ca/irvine/34-red-rock-irvine-ca-92604--2081004928,1 of 4
92604,Red Rock,50,Single Family,https://www.trulia.com/p/ca/irvine/35-red-rock-irvine-ca-92604--2081005008,1 of 4
92604,Red Rock,50,Single Family,https://www.trulia.com/p/ca/irvine/36-red-rock-irvine-ca-92604--2081005080,1 of 4
92604,Red Rock,50,Single Family,https://www.trulia.com/p/ca/irvine/37-red-rock-irvine-ca-92604--2081005147,1 of 4
92604,Red Rock,50,Single Family,https://www.trulia.com/p/ca/irvine/38-red-rock-irvine-ca-92604--2081005213,1 of 4
92604,Red Rock,50,Single Family,https://www.trulia.com/p/ca/irvine/39-red-rock-irvine-ca-92604--1057812578,1 of 4
92604,Red Rock,50,Single Family,https://www.trulia.com/p/ca/irvine/40-red-rock-irvine-ca-92604--2081005648,1 of 4
92604,Red Rock,50,Single Family,https://www.trulia.com/p/ca/irvine/41-red-rock-irvine-ca-92604--2081005840,1 of 4
92604,Red Rock,50,Single Family,https://www.trulia.com/p/ca/irvine/42-red-rock-irvine-ca-92604--1039529695,1 of 4
92604,Red Rock,50,Single Family,https://www.trulia.com/p/ca/irvine/43-red-rock-irvine-ca-92604--1051089026,1 of 4
92604,Red Rock,50,Single Family,https://www.trulia.com/p/ca/irvine/44-red-rock-irvine-ca-92604--2081006310,1 of 4
92604,Red Rock,50,Single Family,https://www.trulia.com/p/ca/irvine/45-red-rock-irvine-ca-92604--1058210369,1 of 4
92604,Red Rock,50,Single Family,https://www.trulia.com/p/ca/irvine/46-red-rock-irvine-ca-92604--2081006652,1 of 4
92604,Red Rock,50,Single Family,https://www.trulia.com/p/ca/irvine/47-red-rock-irvine-ca-92604--2081006744,1 of 4
92604,Red Rock,50,Single Family,https://www.trulia.com/p/ca/irvine/48-red-rock-irvine-ca-92604--2081006930,1 of 4
92604,Red Rock,50,Single Family,https://www.trulia.com/p/ca/irvine/49-red-rock-irvine-ca-92604--2081007077,1 of 4
92604,Red Rock,50,Single Family,https://www.trulia.com/p/ca/irvine/50-red-rock-irvine-ca-92604--2081007600,1 of 4
92604,Red Rock,50,Single Family,https://www.trulia.com/p/ca/irvine/51-red-rock-irvine-ca-92604--2081007781,1 of 4
92604,Red Rock,50,Single Family,https://www.trulia.com/p/ca/irvine/52-red-rock-irvine-ca-92604--2081007872,1 of 4
92604,Red Rock,50,Single Family,https://www.trulia.com/p/ca/irvine/53-red-rock-irvine-ca-92604--2081007943,1 of 4
92604,Red Rock,50,Single Family,https://www.trulia.com/p/ca/irvine/54-red-rock-irvine-ca-92604--2081008000,1 of 4
92604,Shadowbrook,48,Single Family,https://www.trulia.com/p/ca/irvine/50-shadowbrook-irvine-ca-92604--1147802123,1 of 4
92604,Shadowbrook,48,Single Family,https://www.trulia.com/p/ca/irvine/52-shadowbrook-irvine-ca-92604--2081007875,1 of 4
92604,Shadowbrook,48,Single Family,https://www.trulia.com/p/ca/irvine/54-shadowbrook-irvine-ca-92604--2081008003,1 of 4
92604,Shadowbrook,48,Single Family,https://www.trulia.com/p/ca/irvine/55-shadowbrook-irvine-ca-92604--2081008043,1 of 4
92604,Shadowbrook,48,Single Family,https://www.trulia.com/p/ca/irvine/56-shadowbrook-irvine-ca-92604--1007748920,1 of 4
92604,Shadowbrook,48,Single Family,https://www.trulia.com/p/ca/irvine/57-shadowbrook-irvine-ca-92604--2081008103,1 of 4
92604,Shadowbrook,48,Single Family,https://www.trulia.com/p/ca/irvine/58-shadowbrook-irvine-ca-92604--2081008128,1 of 4
92604,Shadowbrook,48,Single Family,https://www.trulia.com/p/ca/irvine/59-shadowbrook-irvine-ca-92604--2081008151,1 of 4
92604,Shadowbrook,48,Single Family,https://www.trulia.com/p/ca/irvine/60-shadowbrook-irvine-ca-92604--2081008398,1 of 4
92604,Shadowbrook,48,Single Family,https://www.trulia.com/p/ca/irvine/61-shadowbrook-irvine-ca-92604--2081008435,1 of 4
92604,Shadowbrook,48,Single Family,https://www.trulia.com/p/ca/irvine/62-shadowbrook-irvine-ca-92604--2081008461,1 of 4
92604,Shadowbrook,48,Single Family,https://www.trulia.com/p/ca/irvine/63-shadowbrook-irvine-ca-92604--2081008499,1 of 4
92604,Shadowbrook,48,Single Family,https://www.trulia.com/p/ca/irvine/64-shadowbrook-irvine-ca-92604--1002473181,1 of 4
92604,Shadowbrook,48,Single Family,https://www.trulia.com/p/ca/irvine/65-shadowbrook-irvine-ca-92604--2081008562,1 of 4
92604,Shadowbrook,48,Single Family,https://www.trulia.com/p/ca/irvine/66-shadowbrook-irvine-ca-92604--2081008590,1 of 4
92604,Shadowbrook,48,Single Family,https://www.trulia.com/p/ca/irvine/68-shadowbrook-irvine-ca-92604--2081008641,1 of 4
92604,Shadowbrook,48,Single Family,https://www.trulia.com/p/ca/irvine/70-shadowbrook-irvine-ca-92604--2081008918,1 of 4
92604,Shadowbrook,48,Single Family,https://www.trulia.com/p/ca/irvine/72-shadowbrook-irvine-ca-92604--2081008968,1 of 4
92604,Shadowbrook,48,Single Family,https://www.trulia.com/p/ca/irvine/74-shadowbrook-irvine-ca-92604--2081009022,1 of 4
92604,Shadowbrook,48,Single Family,https://www.trulia.com/p/ca/irvine/76-shadowbrook-irvine-ca-92604--2081009066,1 of 4
92604,Shadowbrook,48,Single Family,https://www.trulia.com/p/ca/irvine/78-shadowbrook-irvine-ca-92604--2081009105,1 of 4
92604,Shadowbrook,48,Single Family,https://www.trulia.com/p/ca/irvine/80-shadowbrook-irvine-ca-92604--2081009363,1 of 4
92604,Shadowbrook,48,Single Family,https://www.trulia.com/p/ca/irvine/82-shadowbrook-irvine-ca-92604--2081009410,1 of 4
92604,Shadowbrook,48,Single Family,https://www.trulia.com/p/ca/irvine/84-shadowbrook-irvine-ca-92604--2081009451,1 of 4
92604,Shadowbrook,48,Single Family,https://www.trulia.com/p/ca/irvine/86-shadowbrook-irvine-ca-92604--2081009499,1 of 4
92604,Shadowbrook,48,Single Family,https://www.trulia.com/p/ca/irvine/88-shadowbrook-irvine-ca-92604--2081009541,1 of 4
92604,Shadowbrook,48,Single Family,https://www.trulia.com/p/ca/irvine/89-shadowbrook-irvine-ca-92604--1147802282,1 of 4
92604,Shadowbrook,48,Single Family,https://www.trulia.com/p/ca/irvine/90-shadowbrook-irvine-ca-92604--2081009812,1 of 4
92604,Shadowbrook,48,Single Family,https://www.trulia.com/p/ca/irvine/91-shadowbrook-irvine-ca-92604--2081009829,1 of 4
92604,Shadowbrook,48,Single Family,https://www.trulia.com/p/ca/irvine/92-shadowbrook-irvine-ca-92604--2081009847,1 of 4
92604,Shadowbrook,48,Single Family,https://www.trulia.com/p/ca/irvine/93-shadowbrook-irvine-ca-92604--2081009867,1 of 4
92604,Shadowbrook,48,Single Family,https://www.trulia.com/p/ca/irvine/94-shadowbrook-irvine-ca-92604--2081009888,1 of 4
92604,Shadowbrook,48,Single Family,https://www.trulia.com/p/ca/irvine/95-shadowbrook-irvine-ca-92604--1147802312,1 of 4
92604,Shadowbrook,48,Single Family,https://www.trulia.com/p/ca/irvine/96-shadowbrook-irvine-ca-92604--1011423126,1 of 4
92604,Shadowbrook,48,Single Family,https://www.trulia.com/p/ca/irvine/98-shadowbrook-irvine-ca-92604--1010363816,1 of 4
92604,Shadowbrook,48,Single Family,https://www.trulia.com/p/ca/irvine/100-shadowbrook-irvine-ca-92604--2081000030,1 of 4
92604,Shadowbrook,48,Single Family,https://www.trulia.com/p/ca/irvine/102-shadowbrook-irvine-ca-92604--2081000053,1 of 4
92604,Shadowbrook,48,Single Family,https://www.trulia.com/p/ca/irvine/104-shadowbrook-irvine-ca-92604--2081000070,1 of 4
92604,Shadowbrook,48,Single Family,https://www.trulia.com/p/ca/irvine/106-shadowbrook-irvine-ca-92604--1037692190,1 of 4
92604,Shadowbrook,48,Single Family,https://www.trulia.com/p/ca/irvine/108-shadowbrook-irvine-ca-92604--2081000099,1 of 4
92604,Shadowbrook,48,Single Family,https://www.trulia.com/p/ca/irvine/110-shadowbrook-irvine-ca-92604--2081000349,1 of 4
92604,Shadowbrook,48,Single Family,https://www.trulia.com/p/ca/irvine/111-shadowbrook-irvine-ca-92604--1012516673,1 of 4
92604,Shadowbrook,48,Single Family,https://www.trulia.com/p/ca/irvine/112-shadowbrook-irvine-ca-92604--2081000366,1 of 4
92604,Shadowbrook,48,Single Family,https://www.trulia.com/p/ca/irvine/113-shadowbrook-irvine-ca-92604--1138007677,1 of 4
92604,Shadowbrook,48,Single Family,https://www.trulia.com/p/ca/irvine/114-shadowbrook-irvine-ca-92604--2081000382,1 of 4
92604,Shadowbrook,48,Single Family,https://www.trulia.com/p/ca/irvine/115-shadowbrook-irvine-ca-92604--2081000412,1 of 4
92604,Shadowbrook,48,Single Family,https://www.trulia.com/p/ca/irvine/116-shadowbrook-irvine-ca-92604--2081000422,1 of 4
92604,Shadowbrook,48,Single Family,https://www.trulia.com/p/ca/irvine/118-shadowbrook-irvine-ca-92604--1044348345,1 of 4
92604,Golden Star,46,Single Family,https://www.trulia.com/p/ca/irvine/1-golden-star-irvine-ca-92604--2081003145,1 of 4
92604,Golden Star,46,Single Family,https://www.trulia.com/p/ca/irvine/2-golden-star-irvine-ca-92604--2081004419,1 of 4
92604,Golden Star,46,Single Family,https://www.trulia.com/p/ca/irvine/3-golden-star-irvine-ca-92604--2081005360,1 of 4
92604,Golden Star,46,Single Family,https://www.trulia.com/p/ca/irvine/4-golden-star-irvine-ca-92604--2081007237,1 of 4
92604,Golden Star,46,Single Family,https://www.trulia.com/p/ca/irvine/5-golden-star-irvine-ca-92604--2081008243,1 of 4
92604,Golden Star,46,Single Family,https://www.trulia.com/p/ca/irvine/6-golden-star-irvine-ca-92604--2081008763,1 of 4
92604,Golden Star,46,Single Family,https://www.trulia.com/p/ca/irvine/7-golden-star-irvine-ca-92604--2081009224,1 of 4
92604,Golden Star,46,Single Family,https://www.trulia.com/p/ca/irvine/8-golden-star-irvine-ca-92604--2081009654,1 of 4
92604,Golden Star,46,Single Family,https://www.trulia.com/p/ca/irvine/9-golden-star-irvine-ca-92604--2081010052,1 of 4
92604,Golden Star,46,Single Family,https://www.trulia.com/p/ca/irvine/10-golden-star-irvine-ca-92604--2081000196,1 of 4
92604,Golden Star,46,Single Family,https://www.trulia.com/p/ca/irvine/11-golden-star-irvine-ca-92604--2081000494,1 of 4
92604,Golden Star,46,Single Family,https://www.trulia.com/p/ca/irvine/12-golden-star-irvine-ca-92604--2313676982,1 of 4
92604,Golden Star,46,Single Family,https://www.trulia.com/p/ca/irvine/12-golden-star-irvine-ca-92604--2313676983,1 of 4
92604,Golden Star,46,Single Family,https://www.trulia.com/p/ca/irvine/13-golden-star-irvine-ca-92604--2081000927,1 of 4
92604,Golden Star,46,Single Family,https://www.trulia.com/p/ca/irvine/14-golden-star-irvine-ca-92604--2081001716,1 of 4
92604,Golden Star,46,Single Family,https://www.trulia.com/p/ca/irvine/15-golden-star-irvine-ca-92604--2081002382,1 of 4
92604,Golden Star,46,Single Family,https://www.trulia.com/p/ca/irvine/16-golden-star-irvine-ca-92604--2081002558,1 of 4
92604,Golden Star,46,Single Family,https://www.trulia.com/p/ca/irvine/17-golden-star-irvine-ca-92604--2081002714,1 of 4
92604,Golden Star,46,Single Family,https://www.trulia.com/p/ca/irvine/18-golden-star-irvine-ca-92604--2081002860,1 of 4
92604,Golden Star,46,Single Family,https://www.trulia.com/p/ca/irvine/19-golden-star-irvine-ca-92604--2081002994,1 of 4
92604,Golden Star,46,Single Family,https://www.trulia.com/p/ca/irvine/21-golden-star-irvine-ca-92604--2081003460,1 of 4
92604,Golden Star,46,Single Family,https://www.trulia.com/p/ca/irvine/23-golden-star-irvine-ca-92604--2081003720,1 of 4
92604,Golden Star,46,Single Family,https://www.trulia.com/p/ca/irvine/25-golden-star-irvine-ca-92604--2081003913,1 of 4
92604,Golden Star,46,Single Family,https://www.trulia.com/p/ca/irvine/27-golden-star-irvine-ca-92604--2081004098,1 of 4
92604,Golden Star,46,Single Family,https://www.trulia.com/p/ca/irvine/29-golden-star-irvine-ca-92604--2081004272,1 of 4
92604,Golden Star,46,Single Family,https://www.trulia.com/p/ca/irvine/31-golden-star-irvine-ca-92604--2081004670,1 of 4
92604,Golden Star,46,Single Family,https://www.trulia.com/p/ca/irvine/32-golden-star-irvine-ca-92604--2081004753,1 of 4
92604,Golden Star,46,Single Family,https://www.trulia.com/p/ca/irvine/33-golden-star-irvine-ca-92604--2081004833,1 of 4
92604,Golden Star,46,Single Family,https://www.trulia.com/p/ca/irvine/34-golden-star-irvine-ca-92604--2081004908,1 of 4
92604,Golden Star,46,Single Family,https://www.trulia.com/p/ca/irvine/35-golden-star-irvine-ca-92604--2081004981,1 of 4
92604,Golden Star,46,Single Family,https://www.trulia.com/p/ca/irvine/36-golden-star-irvine-ca-92604--2081005057,1 of 4
92604,Golden Star,46,Single Family,https://www.trulia.com/p/ca/irvine/37-golden-star-irvine-ca-92604--2081005120,1 of 4
92604,Golden Star,46,Single Family,https://www.trulia.com/p/ca/irvine/38-golden-star-irvine-ca-92604--2081005189,1 of 4
92604,Golden Star,46,Single Family,https://www.trulia.com/p/ca/irvine/39-golden-star-irvine-ca-92604--1001980327,1 of 4
92604,Golden Star,46,Single Family,https://www.trulia.com/p/ca/irvine/40-golden-star-irvine-ca-92604--2081005625,1 of 4
92604,Golden Star,46,Single Family,https://www.trulia.com/p/ca/irvine/41-golden-star-irvine-ca-92604--2081005819,1 of 4
92604,Golden Star,46,Single Family,https://www.trulia.com/p/ca/irvine/42-golden-star-irvine-ca-92604--2081005986,1 of 4
92604,Golden Star,46,Single Family,https://www.trulia.com/p/ca/irvine/43-golden-star-irvine-ca-92604--2081006178,1 of 4
92604,Golden Star,46,Single Family,https://www.trulia.com/p/ca/irvine/44-golden-star-irvine-ca-92604--1045536127,1 of 4
92604,Golden Star,46,Single Family,https://www.trulia.com/p/ca/irvine/45-golden-star-irvine-ca-92604--1058209591,1 of 4
92604,Golden Star,46,Single Family,https://www.trulia.com/p/ca/irvine/46-golden-star-irvine-ca-92604--2081006639,1 of 4
92604,Golden Star,46,Single Family,https://www.trulia.com/p/ca/irvine/47-golden-star-irvine-ca-92604--2081006726,1 of 4
92604,Golden Star,46,Single Family,https://www.trulia.com/p/ca/irvine/48-golden-star-irvine-ca-92604--1058347896,1 of 4
92604,Golden Star,46,Single Family,https://www.trulia.com/p/ca/irvine/49-golden-star-irvine-ca-92604--2081007065,1 of 4
92604,Golden Star,46,Single Family,https://www.trulia.com/p/ca/irvine/50-golden-star-irvine-ca-92604--2081007578,1 of 4
92604,Golden Star,46,Single Family,https://www.trulia.com/p/ca/irvine/51-golden-star-irvine-ca-92604--2081007762,1 of 4
92604,Oakdale,46,Single Family,https://www.trulia.com/p/ca/irvine/1-oakdale-irvine-ca-92604--2081003197,1 of 4
92604,Oakdale,46,Single Family,https://www.trulia.com/p/ca/irvine/2-oakdale-irvine-ca-92604--2081004467,1 of 4
92604,Oakdale,46,Single Family,https://www.trulia.com/p/ca/irvine/3-oakdale-irvine-ca-92604--1012634570,1 of 4
92604,Oakdale,46,Single Family,https://www.trulia.com/p/ca/irvine/4-oakdale-irvine-ca-92604--2081007284,1 of 4
92604,Oakdale,46,Single Family,https://www.trulia.com/p/ca/irvine/5-oakdale-irvine-ca-92604--2081008289,1 of 4
92604,Oakdale,46,Single Family,https://www.trulia.com/p/ca/irvine/6-oakdale-irvine-ca-92604--2081008809,1 of 4
92604,Oakdale,46,Single Family,https://www.trulia.com/p/ca/irvine/7-oakdale-irvine-ca-92604--2081009269,1 of 4
92604,Oakdale,46,Single Family,https://www.trulia.com/p/ca/irvine/8-oakdale-irvine-ca-92604--1059576288,1 of 4
92604,Oakdale,46,Single Family,https://www.trulia.com/p/ca/irvine/9-oakdale-irvine-ca-92604--2081010101,1 of 4
92604,Oakdale,46,Single Family,https://www.trulia.com/p/ca/irvine/11-oakdale-irvine-ca-92604--2081000527,1 of 4
92604,Oakdale,46,Single Family,https://www.trulia.com/p/ca/irvine/12-oakdale-irvine-ca-92604--1043573615,1 of 4
92604,Oakdale,46,Single Family,https://www.trulia.com/p/ca/irvine/13-oakdale-irvine-ca-92604--2081000955,1 of 4
92604,Oakdale,46,Single Family,https://www.trulia.com/p/ca/irvine/14-oakdale-irvine-ca-92604--2081001754,1 of 4
92604,Oakdale,46,Single Family,https://www.trulia.com/p/ca/irvine/15-oakdale-irvine-ca-92604--1011134849,1 of 4
92604,Oakdale,46,Single Family,https://www.trulia.com/p/ca/irvine/16-oakdale-irvine-ca-92604--2081002589,1 of 4
92604,Oakdale,46,Single Family,https://www.trulia.com/p/ca/irvine/17-oakdale-irvine-ca-92604--2081002738,1 of 4
92604,Oakdale,46,Single Family,https://www.trulia.com/p/ca/irvine/18-oakdale-irvine-ca-92604--2081002892,1 of 4
92604,Oakdale,46,Single Family,https://www.trulia.com/p/ca/irvine/19-oakdale-irvine-ca-92604--1005460637,1 of 4
92604,Oakdale,46,Single Family,https://www.trulia.com/p/ca/irvine/20-oakdale-irvine-ca-92604--1013708662,1 of 4
92604,Oakdale,46,Single Family,https://www.trulia.com/p/ca/irvine/22-oakdale-irvine-ca-92604--2081003641,1 of 4
92604,Oakdale,46,Single Family,https://www.trulia.com/p/ca/irvine/24-oakdale-irvine-ca-92604--2081003832,1 of 4
92604,Oakdale,46,Single Family,https://www.trulia.com/p/ca/irvine/26-oakdale-irvine-ca-92604--2081004027,1 of 4
92604,Oakdale,46,Single Family,https://www.trulia.com/p/ca/irvine/28-oakdale-irvine-ca-92604--2081004198,1 of 4
92604,Oakdale,46,Single Family,https://www.trulia.com/p/ca/irvine/30-oakdale-irvine-ca-92604--1046391737,1 of 4
92604,Oakdale,46,Single Family,https://www.trulia.com/p/ca/irvine/32-oakdale-irvine-ca-92604--2081004770,1 of 4
92604,Oakdale,46,Single Family,https://www.trulia.com/p/ca/irvine/34-oakdale-irvine-ca-92604--2081004924,1 of 4
92604,Oakdale,46,Single Family,https://www.trulia.com/p/ca/irvine/36-oakdale-irvine-ca-92604--2081005073,1 of 4
92604,Oakdale,46,Single Family,https://www.trulia.com/p/ca/irvine/38-oakdale-irvine-ca-92604--2081005208,1 of 4
92604,Oakdale,46,Single Family,https://www.trulia.com/p/ca/irvine/40-oakdale-irvine-ca-92604--1002036876,1 of 4
92604,Oakdale,46,Single Family,https://www.trulia.com/p/ca/irvine/42-oakdale-irvine-ca-92604--1013665294,1 of 4
92604,Oakdale,46,Single Family,https://www.trulia.com/p/ca/irvine/44-oakdale-irvine-ca-92604--2081006304,1 of 4
92604,Oakdale,46,Single Family,https://www.trulia.com/p/ca/irvine/45-oakdale-irvine-ca-92604--2081006476,1 of 4
92604,Oakdale,46,Single Family,https://www.trulia.com/p/ca/irvine/46-oakdale-irvine-ca-92604--1147798088,1 of 4
92604,Oakdale,46,Single Family,https://www.trulia.com/p/ca/irvine/47-oakdale-irvine-ca-92604--2081006737,1 of 4
92604,Oakdale,46,Single Family,https://www.trulia.com/p/ca/irvine/48-oakdale-irvine-ca-92604--2081006927,1 of 4
92604,Oakdale,46,Single Family,https://www.trulia.com/p/ca/irvine/49-oakdale-irvine-ca-92604--2081007074,1 of 4
92604,Oakdale,46,Single Family,https://www.trulia.com/p/ca/irvine/50-oakdale-irvine-ca-92604--2081007593,1 of 4
92604,Oakdale,46,Single Family,https://www.trulia.com/p/ca/irvine/51-oakdale-irvine-ca-92604--2081007775,1 of 4
92604,Oakdale,46,Single Family,https://www.trulia.com/p/ca/irvine/52-oakdale-irvine-ca-92604--2081007866,1 of 4
92604,Oakdale,46,Single Family,https://www.trulia.com/p/ca/irvine/53-oakdale-irvine-ca-92604--2081007937,1 of 4
92604,Oakdale,46,Single Family,https://www.trulia.com/p/ca/irvine/54-oakdale-irvine-ca-92604--2081007996,1 of 4
92604,Oakdale,46,Single Family,https://www.trulia.com/p/ca/irvine/55-oakdale-irvine-ca-92604--1058675894,1 of 4
92604,Oakdale,46,Single Family,https://www.trulia.com/p/ca/irvine/56-oakdale-irvine-ca-92604--2081008068,1 of 4
92604,Oakdale,46,Single Family,https://www.trulia.com/p/ca/irvine/57-oakdale-irvine-ca-92604--1001694969,1 of 4
92604,Oakdale,46,Single Family,https://www.trulia.com/p/ca/irvine/58-oakdale-irvine-ca-92604--2081008125,1 of 4
92604,Oakdale,46,Single Family,https://www.trulia.com/p/ca/irvine/59-oakdale-irvine-ca-92604--2081008147,1 of 4
92604,Shooting Star,45,Single Family,https://www.trulia.com/p/ca/irvine/2-shooting-star-irvine-ca-92604--2081004510,1 of 4
92604,Shooting Star,45,Single Family,https://www.trulia.com/p/ca/irvine/4-shooting-star-irvine-ca-92604--2081007324,1 of 4
92604,Shooting Star,45,Single Family,https://www.trulia.com/p/ca/irvine/6-shooting-star-irvine-ca-92604--2081008849,1 of 4
92604,Shooting Star,45,Single Family,https://www.trulia.com/p/ca/irvine/7-shooting-star-irvine-ca-92604--2081009307,1 of 4
92604,Shooting Star,45,Single Family,https://www.trulia.com/p/ca/irvine/8-shooting-star-irvine-ca-92604--2081009739,1 of 4
92604,Shooting Star,45,Single Family,https://www.trulia.com/p/ca/irvine/9-shooting-star-irvine-ca-92604--2081010140,1 of 4
92604,Shooting Star,45,Single Family,https://www.trulia.com/p/ca/irvine/10-shooting-star-irvine-ca-92604--2081000293,1 of 4
92604,Shooting Star,45,Single Family,https://www.trulia.com/p/ca/irvine/11-shooting-star-irvine-ca-92604--2081000560,1 of 4
92604,Shooting Star,45,Single Family,https://www.trulia.com/p/ca/irvine/12-shooting-star-irvine-ca-92604--2081000794,1 of 4
92604,Shooting Star,45,Single Family,https://www.trulia.com/p/ca/irvine/13-shooting-star-irvine-ca-92604--2081000981,1 of 4
92604,Shooting Star,45,Single Family,https://www.trulia.com/p/ca/irvine/14-shooting-star-irvine-ca-92604--1002991741,1 of 4
92604,Shooting Star,45,Single Family,https://www.trulia.com/p/ca/irvine/15-shooting-star-irvine-ca-92604--2081002441,1 of 4
92604,Shooting Star,45,Single Family,https://www.trulia.com/p/ca/irvine/16-shooting-star-irvine-ca-92604--2081002619,1 of 4
92604,Shooting Star,45,Single Family,https://www.trulia.com/p/ca/irvine/17-shooting-star-irvine-ca-92604--2081002763,1 of 4
92604,Shooting Star,45,Single Family,https://www.trulia.com/p/ca/irvine/18-shooting-star-irvine-ca-92604--2081002916,1 of 4
92604,Shooting Star,45,Single Family,https://www.trulia.com/p/ca/irvine/19-shooting-star-irvine-ca-92604--1055985500,1 of 4
92604,Shooting Star,45,Single Family,https://www.trulia.com/p/ca/irvine/20-shooting-star-irvine-ca-92604--2081003375,1 of 4
92604,Shooting Star,45,Single Family,https://www.trulia.com/p/ca/irvine/21-shooting-star-irvine-ca-92604--2081003503,1 of 4
92604,Shooting Star,45,Single Family,https://www.trulia.com/p/ca/irvine/22-shooting-star-irvine-ca-92604--1027741524,1 of 4
92604,Shooting Star,45,Single Family,https://www.trulia.com/p/ca/irvine/23-shooting-star-irvine-ca-92604--2081003752,1 of 4
92604,Shooting Star,45,Single Family,https://www.trulia.com/p/ca/irvine/24-shooting-star-irvine-ca-92604--1001960837,1 of 4
92604,Shooting Star,45,Single Family,https://www.trulia.com/p/ca/irvine/25-shooting-star-irvine-ca-92604--1056730599,1 of 4
92604,Shooting Star,45,Single Family,https://www.trulia.com/p/ca/irvine/26-shooting-star-irvine-ca-92604--2081004044,1 of 4
92604,Shooting Star,45,Single Family,https://www.trulia.com/p/ca/irvine/27-shooting-star-irvine-ca-92604--2081004127,1 of 4
92604,Shooting Star,45,Single Family,https://www.trulia.com/p/ca/irvine/28-shooting-star-irvine-ca-92604--2081004215,1 of 4
92604,Shooting Star,45,Single Family,https://www.trulia.com/p/ca/irvine/29-shooting-star-irvine-ca-92604--2081004301,1 of 4
92604,Shooting Star,45,Single Family,https://www.trulia.com/p/ca/irvine/30-shooting-star-irvine-ca-92604--1008017246,1 of 4
92604,Shooting Star,45,Single Family,https://www.trulia.com/p/ca/irvine/31-shooting-star-irvine-ca-92604--1057260467,1 of 4
92604,Shooting Star,45,Single Family,https://www.trulia.com/p/ca/irvine/32-shooting-star-irvine-ca-92604--2081004780,1 of 4
92604,Shooting Star,45,Single Family,https://www.trulia.com/p/ca/irvine/33-shooting-star-irvine-ca-92604--2081004859,1 of 4
92604,Shooting Star,45,Single Family,https://www.trulia.com/p/ca/irvine/34-shooting-star-irvine-ca-92604--2081004932,1 of 4
92604,Shooting Star,45,Single Family,https://www.trulia.com/p/ca/irvine/35-shooting-star-irvine-ca-92604--2081005012,1 of 4
92604,Shooting Star,45,Single Family,https://www.trulia.com/p/ca/irvine/36-shooting-star-irvine-ca-92604--2081005084,1 of 4
92604,Shooting Star,45,Single Family,https://www.trulia.com/p/ca/irvine/38-shooting-star-irvine-ca-92604--2081005216,1 of 4
92604,Shooting Star,45,Single Family,https://www.trulia.com/p/ca/irvine/40-shooting-star-irvine-ca-92604--2081005652,1 of 4
92604,Shooting Star,45,Single Family,https://www.trulia.com/p/ca/irvine/42-shooting-star-irvine-ca-92604--2081006010,1 of 4
92604,Shooting Star,45,Single Family,https://www.trulia.com/p/ca/irvine/44-shooting-star-irvine-ca-92604--2081006315,1 of 4
92604,Shooting Star,45,Single Family,https://www.trulia.com/p/ca/irvine/46-shooting-star-irvine-ca-92604--1058263061,1 of 4
92604,Shooting Star,45,Single Family,https://www.trulia.com/p/ca/irvine/47-shooting-star-irvine-ca-92604--2081006748,1 of 4
92604,Shooting Star,45,Single Family,https://www.trulia.com/p/ca/irvine/48-shooting-star-irvine-ca-92604--2081006934,1 of 4
92604,Shooting Star,45,Single Family,https://www.trulia.com/p/ca/irvine/49-shooting-star-irvine-ca-92604--2081007080,1 of 4
92604,Shooting Star,45,Single Family,https://www.trulia.com/p/ca/irvine/50-shooting-star-irvine-ca-92604--2081007605,1 of 4
92604,Shooting Star,45,Single Family,https://www.trulia.com/p/ca/irvine/52-shooting-star-irvine-ca-92604--2081007877,1 of 4
92604,Shooting Star,45,Single Family,https://www.trulia.com/p/ca/irvine/54-shooting-star-5-irvine-ca-92604--2081008006,1 of 4
92604,Shooting Star,45,Single Family,https://www.trulia.com/p/ca/irvine/56-shooting-star-10-irvine-ca-92604--2081008071,1 of 4
92606,Carmel Ave,61,Single Family,https://www.trulia.com/p/ca/irvine/3536-carmel-ave-irvine-ca-92606--2081013338,1 of 4
92606,Carmel Ave,61,Single Family,https://www.trulia.com/p/ca/irvine/3541-carmel-ave-irvine-ca-92606--2081013342,1 of 4
92606,Carmel Ave,61,Single Family,https://www.trulia.com/p/ca/irvine/3542-carmel-ave-irvine-ca-92606--2081013347,1 of 4
92606,Carmel Ave,61,Single Family,https://www.trulia.com/p/ca/irvine/3545-carmel-ave-irvine-ca-92606--2081013352,1 of 4
92606,Carmel Ave,61,Single Family,https://www.trulia.com/p/ca/irvine/3546-carmel-ave-irvine-ca-92606--1057603358,1 of 4
92606,Carmel Ave,61,Single Family,https://www.trulia.com/p/ca/irvine/3551-carmel-ave-irvine-ca-92606--2081013357,1 of 4
92606,Carmel Ave,61,Single Family,https://www.trulia.com/p/ca/irvine/3552-carmel-ave-irvine-ca-92606--2081013363,1 of 4
92606,Carmel Ave,61,Single Family,https://www.trulia.com/p/ca/irvine/3561-carmel-ave-irvine-ca-92606--2081013370,1 of 4
92606,Carmel Ave,61,Single Family,https://www.trulia.com/p/ca/irvine/3562-carmel-ave-irvine-ca-92606--2081013377,1 of 4
92606,Carmel Ave,61,Single Family,https://www.trulia.com/p/ca/irvine/3571-carmel-ave-irvine-ca-92606--2081013385,1 of 4
92606,Carmel Ave,61,Single Family,https://www.trulia.com/p/ca/irvine/3572-carmel-ave-irvine-ca-92606--2081013392,1 of 4
92606,Carmel Ave,61,Single Family,https://www.trulia.com/p/ca/irvine/3581-carmel-ave-irvine-ca-92606--2081013398,1 of 4
92606,Carmel Ave,61,Single Family,https://www.trulia.com/p/ca/irvine/3582-carmel-ave-irvine-ca-92606--2081013405,1 of 4
92606,Carmel Ave,61,Single Family,https://www.trulia.com/p/ca/irvine/3585-carmel-ave-irvine-ca-92606--2081013411,1 of 4
92606,Carmel Ave,61,Single Family,https://www.trulia.com/p/ca/irvine/3591-carmel-ave-irvine-ca-92606--2081013415,1 of 4
92606,Carmel Ave,61,Single Family,https://www.trulia.com/p/ca/irvine/3592-carmel-ave-irvine-ca-92606--2081013422,1 of 4
92606,Carmel Ave,61,Single Family,https://www.trulia.com/p/ca/irvine/3601-carmel-ave-irvine-ca-92606--2081013458,1 of 4
92606,Carmel Ave,61,Single Family,https://www.trulia.com/p/ca/irvine/3602-carmel-ave-irvine-ca-92606--2081013464,1 of 4
92606,Carmel Ave,61,Single Family,https://www.trulia.com/p/ca/irvine/3611-carmel-ave-irvine-ca-92606--2081013480,1 of 4
92606,Carmel Ave,61,Single Family,https://www.trulia.com/p/ca/irvine/3612-carmel-ave-irvine-ca-92606--2081013486,1 of 4
92606,Carmel Ave,61,Single Family,https://www.trulia.com/p/ca/irvine/3641-carmel-ave-irvine-ca-92606--2081013516,1 of 4
92606,Carmel Ave,61,Single Family,https://www.trulia.com/p/ca/irvine/3642-carmel-ave-irvine-ca-92606--2081013522,1 of 4
92606,Carmel Ave,61,Single Family,https://www.trulia.com/p/ca/irvine/3651-carmel-ave-irvine-ca-92606--1049140908,1 of 4
92606,Carmel Ave,61,Single Family,https://www.trulia.com/p/ca/irvine/3652-carmel-ave-irvine-ca-92606--2081013535,1 of 4
92606,Carmel Ave,61,Single Family,https://www.trulia.com/p/ca/irvine/3661-carmel-ave-irvine-ca-92606--2081013545,1 of 4
92606,Carmel Ave,61,Single Family,https://www.trulia.com/p/ca/irvine/3662-carmel-ave-irvine-ca-92606--2081013548,1 of 4
92606,Carmel Ave,61,Single Family,https://www.trulia.com/p/ca/irvine/3671-carmel-ave-irvine-ca-92606--2081013554,1 of 4
92606,Carmel Ave,61,Single Family,https://www.trulia.com/p/ca/irvine/3672-carmel-ave-irvine-ca-92606--2081013560,1 of 4
92606,Carmel Ave,61,Single Family,https://www.trulia.com/p/ca/irvine/3681-carmel-ave-irvine-ca-92606--2081013565,1 of 4
92606,Carmel Ave,61,Single Family,https://www.trulia.com/p/ca/irvine/3682-carmel-ave-irvine-ca-92606--2081013569,1 of 4
92606,Carmel Ave,61,Single Family,https://www.trulia.com/p/ca/irvine/3691-carmel-ave-irvine-ca-92606--2081013573,1 of 4
92606,Carmel Ave,61,Single Family,https://www.trulia.com/p/ca/irvine/3692-carmel-ave-irvine-ca-92606--2081013576,1 of 4
92606,Carmel Ave,61,Single Family,https://www.trulia.com/p/ca/irvine/3701-carmel-ave-irvine-ca-92606--2081013603,1 of 4
92606,Carmel Ave,61,Single Family,https://www.trulia.com/p/ca/irvine/3702-carmel-ave-irvine-ca-92606--2081013606,1 of 4
92606,Carmel Ave,61,Single Family,https://www.trulia.com/p/ca/irvine/3705-carmel-ave-irvine-ca-92606--2081013608,1 of 4
92606,Carmel Ave,61,Single Family,https://www.trulia.com/p/ca/irvine/3706-carmel-ave-irvine-ca-92606--2081013609,1 of 4
92606,Carmel Ave,61,Single Family,https://www.trulia.com/p/ca/irvine/3711-carmel-ave-irvine-ca-92606--2081013617,1 of 4
92606,Carmel Ave,61,Single Family,https://www.trulia.com/p/ca/irvine/3712-carmel-ave-irvine-ca-92606--2081013622,1 of 4
92606,Carmel Ave,61,Single Family,https://www.trulia.com/p/ca/irvine/3721-carmel-ave-irvine-ca-92606--2081013627,1 of 4
92606,Carmel Ave,61,Single Family,https://www.trulia.com/p/ca/irvine/3722-carmel-ave-irvine-ca-92606--2081013632,1 of 4
92606,Carmel Ave,61,Single Family,https://www.trulia.com/p/ca/irvine/3726-carmel-ave-irvine-ca-92606--2081013636,1 of 4
92606,Carmel Ave,61,Single Family,https://www.trulia.com/p/ca/irvine/3731-carmel-ave-irvine-ca-92606--2081013641,1 of 4
92606,Carmel Ave,61,Single Family,https://www.trulia.com/p/ca/irvine/3732-carmel-ave-irvine-ca-92606--2081013645,1 of 4
92606,Carmel Ave,61,Single Family,https://www.trulia.com/p/ca/irvine/3741-carmel-ave-irvine-ca-92606--2081013655,1 of 4
92606,Carmel Ave,61,Single Family,https://www.trulia.com/p/ca/irvine/3742-carmel-ave-irvine-ca-92606--2081013660,1 of 4
92606,Carmel Ave,61,Single Family,https://www.trulia.com/p/ca/irvine/3751-carmel-ave-irvine-ca-92606--2081013670,1 of 4
92606,Carmel Ave,61,Single Family,https://www.trulia.com/p/ca/irvine/3752-carmel-ave-irvine-ca-92606--2081013673,1 of 4
92606,Carmel Ave,61,Single Family,https://www.trulia.com/p/ca/irvine/3761-carmel-ave-irvine-ca-92606--2081013679,1 of 4
92606,Carmel Ave,61,Single Family,https://www.trulia.com/p/ca/irvine/3762-carmel-ave-irvine-ca-92606--2081013681,1 of 4
92606,Carmel Ave,61,Single Family,https://www.trulia.com/p/ca/irvine/3771-carmel-ave-irvine-ca-92606--2081013688,1 of 4
92606,Carmel Ave,61,Single Family,https://www.trulia.com/p/ca/irvine/3772-carmel-ave-irvine-ca-92606--1057742663,1 of 4
92606,Carmel Ave,61,Single Family,https://www.trulia.com/p/ca/irvine/3775-carmel-ave-irvine-ca-92606--2081013694,1 of 4
92606,Carmel Ave,61,Single Family,https://www.trulia.com/p/ca/irvine/3781-carmel-ave-irvine-ca-92606--2081013701,1 of 4
92606,Carmel Ave,61,Single Family,https://www.trulia.com/p/ca/irvine/3782-carmel-ave-irvine-ca-92606--2081013706,1 of 4
92606,Carmel Ave,61,Single Family,https://www.trulia.com/p/ca/irvine/3791-carmel-ave-irvine-ca-92606--2081013714,1 of 4
92606,Carmel Ave,61,Single Family,https://www.trulia.com/p/ca/irvine/3792-carmel-ave-irvine-ca-92606--2081013721,1 of 4
92606,Carmel Ave,61,Single Family,https://www.trulia.com/p/ca/irvine/3801-carmel-ave-irvine-ca-92606--2081013763,1 of 4
92606,Carmel Ave,61,Single Family,https://www.trulia.com/p/ca/irvine/3802-carmel-ave-irvine-ca-92606--2081013767,1 of 4
92606,Carmel Ave,61,Single Family,https://www.trulia.com/p/ca/irvine/3811-carmel-ave-irvine-ca-92606--2081013779,1 of 4
92606,Carmel Ave,61,Single Family,https://www.trulia.com/p/ca/irvine/3821-carmel-ave-irvine-ca-92606--2081013797,1 of 4
92606,Carmel Ave,61,Single Family,https://www.trulia.com/p/ca/irvine/3831-carmel-ave-irvine-ca-92606--2081013817,1 of 4
92606,Calavera,53,Single Family,https://www.trulia.com/p/ca/irvine/2-calavera-irvine-ca-92606--2081012841,1 of 4
92606,Calavera,53,Single Family,https://www.trulia.com/p/ca/irvine/3-calavera-irvine-ca-92606--2081014178,1 of 4
92606,Calavera,53,Single Family,https://www.trulia.com/p/ca/irvine/5-calavera-irvine-ca-92606--2081014828,1 of 4
92606,Calavera,53,Single Family,https://www.trulia.com/p/ca/irvine/6-calavera-irvine-ca-92606--2081015003,1 of 4
92606,Calavera,53,Single Family,https://www.trulia.com/p/ca/irvine/7-calavera-irvine-ca-92606--2081015183,1 of 4
92606,Calavera,53,Single Family,https://www.trulia.com/p/ca/irvine/8-calavera-irvine-ca-92606--2081015359,1 of 4
92606,Calavera,53,Single Family,https://www.trulia.com/p/ca/irvine/10-calavera-irvine-ca-92606--2081010398,1 of 4
92606,Calavera,53,Single Family,https://www.trulia.com/p/ca/irvine/12-calavera-irvine-ca-92606--2081010636,1 of 4
92606,Calavera,53,Single Family,https://www.trulia.com/p/ca/irvine/14-calavera-irvine-ca-92606--2081011331,1 of 4
92606,Calavera,53,Single Family,https://www.trulia.com/p/ca/irvine/16-calavera-irvine-ca-92606--2081011705,1 of 4
92606,Calavera,53,Single Family,https://www.trulia.com/p/ca/irvine/18-calavera-irvine-ca-92606--1001997373,1 of 4
92606,Calavera,53,Single Family,https://www.trulia.com/p/ca/irvine/20-calavera-irvine-ca-92606--2081012171,1 of 4
92606,Calavera,53,Single Family,https://www.trulia.com/p/ca/irvine/21-calavera-irvine-ca-92606--2081012262,1 of 4
92606,Calavera,53,Single Family,https://www.trulia.com/p/ca/irvine/22-calavera-irvine-ca-92606--2081012342,1 of 4
92606,Calavera,53,Single Family,https://www.trulia.com/p/ca/irvine/23-calavera-irvine-ca-92606--1006487308,1 of 4
92606,Calavera,53,Single Family,https://www.trulia.com/p/ca/irvine/24-calavera-irvine-ca-92606--2081012481,1 of 4
92606,Calavera,53,Single Family,https://www.trulia.com/p/ca/irvine/26-calavera-irvine-ca-92606--2081012619,1 of 4
92606,Calavera,53,Single Family,https://www.trulia.com/p/ca/irvine/28-calavera-irvine-ca-92606--2081012769,1 of 4
92606,Calavera,53,Single Family,https://www.trulia.com/p/ca/irvine/30-calavera-irvine-ca-92606--2081012965,1 of 4
92606,Calavera,53,Single Family,https://www.trulia.com/p/ca/irvine/31-calavera-irvine-ca-92606--2081013036,1 of 4
92606,Calavera,53,Single Family,https://www.trulia.com/p/ca/irvine/32-calavera-irvine-ca-92606--2081013093,1 of 4
92606,Calavera,53,Single Family,https://www.trulia.com/p/ca/irvine/33-calavera-irvine-ca-92606--2081013161,1 of 4
92606,Calavera,53,Single Family,https://www.trulia.com/p/ca/irvine/34-calavera-irvine-ca-92606--2081013257,1 of 4
92606,Calavera,53,Single Family,https://www.trulia.com/p/ca/irvine/36-calavera-irvine-ca-92606--2081013583,1 of 4
92606,Calavera,53,Single Family,https://www.trulia.com/p/ca/irvine/37-calavera-irvine-ca-92606--2081013732,1 of 4
92606,Calavera,53,Single Family,https://www.trulia.com/p/ca/irvine/38-calavera-irvine-ca-92606--2081013953,1 of 4
92606,Calavera,53,Single Family,https://www.trulia.com/p/ca/irvine/39-calavera-irvine-ca-92606--2081014150,1 of 4
92606,Calavera,53,Single Family,https://www.trulia.com/p/ca/irvine/40-calavera-irvine-ca-92606--2081014270,1 of 4
92606,Calavera,53,Single Family,https://www.trulia.com/p/ca/irvine/41-calavera-irvine-ca-92606--2081014315,1 of 4
92606,Calavera,53,Single Family,https://www.trulia.com/p/ca/irvine/42-calavera-irvine-ca-92606--2081014369,1 of 4
